strain	length	A	C	G	T	N	other_IUPAC	-	?	invalid_nucleotides
NC_038308.1	7367	2358	1482	1545	1982	0	0	0	0	0
PV521983.1	7328	2302	1482	1584	1959	1	0	0	0	0
PV448634.1	7327	2303	1480	1579	1963	1	1	0	0	0
PV448635.1	7328	2306	1480	1578	1963	1	0	0	0	0
PV448636.1	7305	2299	1472	1574	1959	1	0	0	0	0
PV448637.1	7327	2303	1475	1581	1966	1	1	0	0	0
PV448638.1	7327	2306	1479	1577	1963	1	1	0	0	0
PV448639.1	7327	2300	1488	1582	1955	1	1	0	0	0
PV448640.1	7312	2297	1477	1577	1961	0	0	0	0	0
PV448641.1	7328	2298	1483	1584	1961	1	1	0	0	0
PV448642.1	7328	2298	1480	1584	1963	2	1	0	0	0
PV448643.1	7327	2305	1482	1576	1961	2	1	0	0	0
PV448644.1	7293	2290	1473	1569	1951	1	9	0	0	0
PV448645.1	7328	2306	1482	1580	1959	0	1	0	0	0
PV448646.1	7317	2302	1479	1576	1959	0	1	0	0	0
PV448647.1	7317	2299	1475	1580	1963	0	0	0	0	0
PV448648.1	7327	2297	1481	1585	1963	0	1	0	0	0
PV448649.1	7326	2305	1473	1579	1967	0	2	0	0	0
PV448650.1	7328	2304	1481	1581	1961	1	0	0	0	0
PV418226.1	7183	2281	1432	1525	1941	0	4	0	0	0
PV178235.1	7259	2284	1467	1563	1945	0	0	0	0	0
PV178309.1	7318	2315	1464	1558	1978	0	3	0	0	0
PV178361.1	7335	2316	1472	1563	1984	0	0	0	0	0
PV178525.1	7279	2305	1457	1549	1968	0	0	0	0	0
PV178657.1	7279	2305	1456	1552	1966	0	0	0	0	0
PQ819575.1	7335	2177	1405	1508	1839	406	0	0	0	0
PQ819576.1	7351	2261	1467	1567	1928	128	0	0	0	0
PQ889420.1	7250	2307	1490	1540	1913	0	0	0	0	0
PQ889421.1	7287	2309	1503	1551	1924	0	0	0	0	0
PV018745.1	7419	2351	1448	1543	1922	155	0	0	0	0
PQ895337.1	7391	2363	1472	1568	1988	0	0	0	0	0
PQ862937.1	7283	2291	1459	1567	1966	0	0	0	0	0
PQ862938.1	7283	2287	1446	1573	1977	0	0	0	0	0
PQ862939.1	7283	2292	1460	1569	1962	0	0	0	0	0
PQ862940.1	7283	2291	1461	1566	1965	0	0	0	0	0
PQ862941.1	7283	2293	1462	1567	1961	0	0	0	0	0
PQ862942.1	7283	2291	1461	1568	1963	0	0	0	0	0
PQ862943.1	7283	2291	1461	1568	1963	0	0	0	0	0
PQ862944.1	7283	2292	1456	1568	1967	0	0	0	0	0
PQ862945.1	7283	2291	1460	1567	1965	0	0	0	0	0
PQ862946.1	7283	2296	1453	1565	1969	0	0	0	0	0
PQ862947.1	7283	2292	1452	1568	1971	0	0	0	0	0
PQ862948.1	7283	2290	1459	1568	1966	0	0	0	0	0
PQ862949.1	7283	2293	1456	1567	1967	0	0	0	0	0
PQ862950.1	7283	2289	1462	1568	1964	0	0	0	0	0
PQ862951.1	7283	2294	1462	1566	1961	0	0	0	0	0
PQ862952.1	7283	2294	1456	1566	1967	0	0	0	0	0
PQ862953.1	7283	2296	1453	1565	1969	0	0	0	0	0
PQ862954.1	7283	2292	1452	1568	1971	0	0	0	0	0
PQ862955.1	7283	2290	1459	1568	1966	0	0	0	0	0
PQ862956.1	7283	2289	1454	1569	1971	0	0	0	0	0
PQ862957.1	7283	2288	1459	1571	1965	0	0	0	0	0
PQ862958.1	7283	2294	1453	1566	1970	0	0	0	0	0
PQ862959.1	7283	2290	1464	1569	1960	0	0	0	0	0
PQ862960.1	7283	2299	1471	1559	1954	0	0	0	0	0
PQ862961.1	7283	2290	1458	1568	1967	0	0	0	0	0
PQ862962.1	7283	2290	1463	1570	1960	0	0	0	0	0
PQ862963.1	7283	2293	1460	1567	1963	0	0	0	0	0
PQ862964.1	7283	2299	1472	1558	1954	0	0	0	0	0
PQ862965.1	7283	2291	1464	1568	1960	0	0	0	0	0
PQ862966.1	7283	2299	1454	1565	1965	0	0	0	0	0
PQ862967.1	7283	2285	1457	1575	1966	0	0	0	0	0
OQ126950.1	5134	1615	1068	1088	1363	0	0	0	0	0
OQ126958.1	7247	2295	1476	1549	1927	0	0	0	0	0
OQ126959.1	7246	2297	1473	1545	1931	0	0	0	0	0
OQ126960.1	7224	2289	1483	1545	1907	0	0	0	0	0
OQ126961.1	7248	2297	1454	1543	1954	0	0	0	0	0
OQ126962.1	7248	2298	1455	1543	1952	0	0	0	0	0
OQ126963.1	7248	2288	1459	1551	1950	0	0	0	0	0
OQ126964.1	7248	2292	1455	1549	1952	0	0	0	0	0
OQ126965.1	7248	2296	1456	1544	1952	0	0	0	0	0
OQ126966.1	7248	2291	1452	1548	1957	0	0	0	0	0
OQ126967.1	7248	2295	1457	1546	1950	0	0	0	0	0
OQ126968.1	7248	2298	1456	1543	1951	0	0	0	0	0
OQ126969.1	7279	2303	1462	1554	1960	0	0	0	0	0
OQ126970.1	7279	2297	1467	1558	1957	0	0	0	0	0
OQ126971.1	7279	2302	1464	1555	1958	0	0	0	0	0
OQ126972.1	7279	2301	1461	1554	1963	0	0	0	0	0
OQ126973.1	6072	1941	1233	1300	1598	0	0	0	0	0
OQ126974.1	7252	2299	1459	1549	1945	0	0	0	0	0
OQ126975.1	7252	2299	1456	1548	1948	0	1	0	0	0
OQ126976.1	7252	2295	1452	1553	1952	0	0	0	0	0
OQ126977.1	7234	2289	1453	1546	1946	0	0	0	0	0
OQ126978.1	7252	2295	1452	1553	1952	0	0	0	0	0
OQ126979.1	7252	2295	1452	1553	1952	0	0	0	0	0
OQ126980.1	7252	2294	1452	1554	1952	0	0	0	0	0
OQ126981.1	7249	2294	1456	1546	1953	0	0	0	0	0
OQ126982.1	7222	2285	1451	1543	1943	0	0	0	0	0
OQ126983.1	7252	2293	1450	1555	1954	0	0	0	0	0
OQ126984.1	7290	2303	1467	1559	1961	0	0	0	0	0
OQ126985.1	7252	2299	1454	1549	1950	0	0	0	0	0
OQ126986.1	7252	2299	1457	1549	1947	0	0	0	0	0
OQ126987.1	7248	2292	1457	1548	1951	0	0	0	0	0
OQ126988.1	7248	2294	1454	1547	1953	0	0	0	0	0
OQ126989.1	7274	2303	1459	1552	1960	0	0	0	0	0
OQ126990.1	7248	2293	1457	1546	1952	0	0	0	0	0
OQ126991.1	7252	2297	1457	1544	1954	0	0	0	0	0
OQ126992.1	7248	2297	1458	1543	1950	0	0	0	0	0
OQ126993.1	7248	2291	1456	1549	1952	0	0	0	0	0
OQ126994.1	7248	2291	1457	1549	1951	0	0	0	0	0
OQ126995.1	7252	2293	1450	1553	1956	0	0	0	0	0
OQ126996.1	7254	2290	1453	1557	1954	0	0	0	0	0
OQ126997.1	7248	2293	1459	1546	1950	0	0	0	0	0
OQ126998.1	7249	2294	1453	1546	1956	0	0	0	0	0
OQ126999.1	7260	2297	1465	1550	1948	0	0	0	0	0
OQ127000.1	7248	2292	1454	1547	1955	0	0	0	0	0
OQ127001.1	7248	2294	1457	1546	1951	0	0	0	0	0
OQ127002.1	7261	2306	1451	1543	1961	0	0	0	0	0
OQ127003.1	7250	2298	1480	1554	1918	0	0	0	0	0
PQ807712.1	7436	2418	1502	1570	1946	0	0	0	0	0
PP548243.1	7355	2322	1484	1582	1962	4	1	0	0	0
PP548244.1	7342	2313	1483	1584	1958	4	0	0	0	0
PP548245.1	7367	2379	1467	1536	1980	4	1	0	0	0
PP548246.1	7142	2242	1456	1534	1906	4	0	0	0	0
PP548247.1	7229	2271	1451	1557	1946	4	0	0	0	0
PP548248.1	7337	2364	1460	1536	1974	3	0	0	0	0
OP779778.1	7313	2293	1481	1577	1962	0	0	0	0	0
OQ737942.1	7174	2281	1453	1537	1903	0	0	0	0	0
OQ784116.1	7312	2303	1479	1568	1962	0	0	0	0	0
PQ766584.1	7391	2363	1478	1566	1984	0	0	0	0	0
PQ766585.1	7334	2322	1502	1562	1948	0	0	0	0	0
PQ766595.1	7348	2338	1472	1556	1982	0	0	0	0	0
PQ287507.1	7313	2291	1480	1579	1963	0	0	0	0	0
PQ414985.1	6518	2114	1299	1387	1718	0	0	0	0	0
PQ414986.1	6519	2116	1304	1386	1713	0	0	0	0	0
PQ414987.1	6518	2115	1307	1386	1710	0	0	0	0	0
PQ414988.1	6518	2116	1306	1385	1711	0	0	0	0	0
PQ414989.1	6518	2113	1307	1388	1709	1	0	0	0	0
PQ414990.1	6518	2114	1304	1386	1714	0	0	0	0	0
PQ414991.1	6518	2117	1305	1383	1713	0	0	0	0	0
PQ414992.1	6519	2116	1306	1386	1711	0	0	0	0	0
PQ414993.1	6518	2118	1290	1382	1728	0	0	0	0	0
PQ414994.1	6518	2118	1294	1381	1725	0	0	0	0	0
PQ414995.1	6519	2117	1287	1383	1732	0	0	0	0	0
PQ414996.1	6518	2111	1290	1389	1728	0	0	0	0	0
PQ414997.1	6518	2112	1289	1389	1728	0	0	0	0	0
PQ414998.1	6519	2113	1283	1388	1735	0	0	0	0	0
PQ414999.1	6518	2115	1282	1385	1736	0	0	0	0	0
PQ415000.1	6518	2115	1283	1384	1736	0	0	0	0	0
PQ415001.1	6518	2117	1283	1382	1736	0	0	0	0	0
PQ415002.1	6519	2115	1280	1386	1738	0	0	0	0	0
PQ415003.1	6518	2122	1282	1381	1733	0	0	0	0	0
PQ415004.1	6519	2118	1277	1384	1740	0	0	0	0	0
PQ415005.1	6518	2115	1287	1386	1730	0	0	0	0	0
PQ415006.1	6518	2110	1282	1390	1736	0	0	0	0	0
PQ415007.1	6518	2109	1289	1390	1730	0	0	0	0	0
PQ415008.1	6518	2105	1295	1397	1721	0	0	0	0	0
PQ415009.1	6518	2105	1295	1397	1721	0	0	0	0	0
PQ415010.1	6518	2103	1294	1397	1724	0	0	0	0	0
PQ415011.1	6518	2102	1290	1398	1728	0	0	0	0	0
PQ415012.1	6518	2102	1286	1398	1732	0	0	0	0	0
PQ415013.1	6518	2107	1297	1393	1721	0	0	0	0	0
PQ415014.1	6522	2109	1286	1386	1741	0	0	0	0	0
PQ415015.1	6522	2100	1277	1385	1736	24	0	0	0	0
PQ415016.1	6524	2100	1289	1401	1734	0	0	0	0	0
PQ415017.1	6524	2102	1286	1398	1738	0	0	0	0	0
PQ415018.1	6515	2109	1302	1390	1714	0	0	0	0	0
PQ415019.1	6518	2114	1316	1387	1701	0	0	0	0	0
PQ415020.1	6518	2110	1310	1391	1707	0	0	0	0	0
PQ415021.1	6518	2114	1307	1387	1710	0	0	0	0	0
PQ415022.1	6518	2114	1307	1388	1709	0	0	0	0	0
PQ415023.1	6518	2111	1315	1390	1702	0	0	0	0	0
PQ415024.1	6518	2112	1313	1390	1703	0	0	0	0	0
PQ415025.1	6518	2112	1310	1392	1704	0	0	0	0	0
PQ415026.1	6518	2116	1301	1385	1716	0	0	0	0	0
PQ415027.1	6518	2117	1299	1384	1718	0	0	0	0	0
PQ415028.1	6519	2118	1298	1384	1719	0	0	0	0	0
PQ415029.1	6518	2116	1303	1385	1714	0	0	0	0	0
PQ415030.1	6518	2117	1302	1384	1715	0	0	0	0	0
PQ415031.1	6518	2116	1303	1385	1714	0	0	0	0	0
PQ415032.1	6518	2116	1302	1385	1715	0	0	0	0	0
PQ415033.1	6519	2114	1290	1387	1728	0	0	0	0	0
PQ415034.1	6518	2115	1287	1385	1731	0	0	0	0	0
PQ415035.1	6518	2113	1286	1388	1731	0	0	0	0	0
PQ415036.1	6518	2116	1285	1385	1732	0	0	0	0	0
PQ415037.1	6518	2114	1290	1384	1730	0	0	0	0	0
PQ415038.1	6518	2121	1282	1379	1736	0	0	0	0	0
PQ415039.1	6518	2114	1283	1385	1736	0	0	0	0	0
PQ415040.1	6518	2115	1281	1384	1738	0	0	0	0	0
PQ415041.1	6518	2115	1280	1385	1738	0	0	0	0	0
PQ415042.1	6518	2120	1285	1382	1731	0	0	0	0	0
PQ415043.1	6518	2114	1280	1384	1740	0	0	0	0	0
PQ415044.1	6518	2123	1290	1377	1728	0	0	0	0	0
PQ415045.1	6518	2122	1293	1378	1725	0	0	0	0	0
PQ415046.1	6518	2111	1294	1389	1724	0	0	0	0	0
PQ415047.1	6519	2117	1290	1384	1728	0	0	0	0	0
PQ415048.1	6518	2101	1296	1397	1724	0	0	0	0	0
PQ426627.1	6518	2108	1291	1392	1727	0	0	0	0	0
PQ426628.1	6518	2096	1278	1402	1742	0	0	0	0	0
PQ426629.1	6525	2115	1283	1385	1740	2	0	0	0	0
PQ426630.1	6525	2104	1281	1381	1733	26	0	0	0	0
PQ426631.1	6525	2101	1269	1371	1734	50	0	0	0	0
PQ426632.1	6525	2114	1282	1382	1745	2	0	0	0	0
PQ426633.1	6525	2116	1283	1381	1743	2	0	0	0	0
PQ426634.1	6525	2113	1276	1385	1749	2	0	0	0	0
PQ426635.1	6525	2104	1275	1381	1744	21	0	0	0	0
PQ426636.1	6525	2114	1282	1385	1742	2	0	0	0	0
PQ426637.1	6525	2111	1285	1388	1739	2	0	0	0	0
PQ426638.1	6525	2102	1277	1373	1726	47	0	0	0	0
PQ426639.1	6525	2119	1278	1378	1748	2	0	0	0	0
PQ426640.1	6525	2111	1277	1385	1748	4	0	0	0	0
PQ426641.1	6525	2103	1270	1371	1734	47	0	0	0	0
PQ426642.1	5160	1683	993	1095	1387	2	0	0	0	0
PQ426643.1	6523	2109	1277	1385	1747	0	5	0	0	0
PQ426644.1	6523	2111	1278	1383	1746	0	5	0	0	0
PQ426645.1	6527	2117	1283	1380	1741	0	6	0	0	0
PQ426646.1	6527	2109	1277	1384	1750	0	7	0	0	0
PQ426647.1	6528	2117	1284	1378	1744	0	5	0	0	0
PQ426648.1	6527	2108	1280	1387	1747	0	5	0	0	0
PQ426649.1	6524	2109	1273	1384	1751	0	7	0	0	0
PQ426650.1	6525	2109	1285	1392	1736	0	3	0	0	0
PQ426651.1	6520	2109	1291	1388	1728	0	4	0	0	0
PQ426652.1	6523	2115	1284	1379	1740	0	5	0	0	0
PQ426653.1	6527	2110	1282	1385	1745	0	5	0	0	0
PQ426654.1	6502	2107	1277	1376	1737	2	3	0	0	0
PQ432995.1	6656	2072	1349	1412	1751	72	0	0	0	0
PQ432996.1	6256	1817	1200	1230	1499	510	0	0	0	0
PQ432997.1	5781	1640	1032	1063	1330	716	0	0	0	0
PQ432998.1	6634	2047	1329	1385	1727	146	0	0	0	0
PQ238557.1	7328	2322	1493	1558	1955	0	0	0	0	0
PQ238558.1	7330	2320	1494	1561	1955	0	0	0	0	0
PQ238559.1	7330	2305	1479	1576	1970	0	0	0	0	0
PQ238560.1	7330	2309	1484	1571	1966	0	0	0	0	0
PQ238561.1	7335	2306	1489	1573	1967	0	0	0	0	0
PQ238562.1	7331	2312	1489	1570	1960	0	0	0	0	0
PQ238563.1	7330	2311	1487	1570	1962	0	0	0	0	0
PQ238564.1	7331	2315	1482	1567	1967	0	0	0	0	0
PQ238565.1	7299	2307	1483	1560	1949	0	0	0	0	0
PQ238566.1	7331	2315	1489	1569	1958	0	0	0	0	0
PQ238567.1	7330	2312	1483	1569	1966	0	0	0	0	0
PQ238568.1	7331	2307	1487	1576	1961	0	0	0	0	0
PQ238569.1	7287	2302	1471	1558	1956	0	0	0	0	0
PQ238570.1	7330	2310	1481	1570	1969	0	0	0	0	0
PQ238571.1	7330	2309	1482	1573	1966	0	0	0	0	0
PQ238572.1	7287	2302	1475	1559	1951	0	0	0	0	0
PQ238573.1	7331	2305	1480	1582	1964	0	0	0	0	0
PQ238574.1	7288	2305	1478	1558	1947	0	0	0	0	0
PQ238575.1	7328	2313	1477	1571	1967	0	0	0	0	0
PQ238576.1	7331	2308	1492	1573	1958	0	0	0	0	0
PQ238577.1	7330	2316	1481	1569	1964	0	0	0	0	0
PQ238578.1	7330	2309	1485	1571	1965	0	0	0	0	0
PQ238579.1	7331	2307	1485	1572	1967	0	0	0	0	0
PQ238580.1	7331	2308	1480	1575	1968	0	0	0	0	0
PQ238581.1	7330	2312	1485	1571	1962	0	0	0	0	0
PQ238582.1	7329	2304	1481	1579	1965	0	0	0	0	0
PQ238583.1	7300	2309	1481	1557	1953	0	0	0	0	0
PQ238584.1	7331	2306	1480	1579	1966	0	0	0	0	0
PQ238585.1	7289	2313	1496	1549	1931	0	0	0	0	0
PQ238586.1	7302	2306	1481	1565	1950	0	0	0	0	0
PQ238587.1	7294	2308	1481	1554	1951	0	0	0	0	0
PQ238588.1	7329	2303	1483	1578	1965	0	0	0	0	0
PQ238589.1	7329	2315	1486	1568	1960	0	0	0	0	0
PQ238590.1	7330	2311	1485	1570	1964	0	0	0	0	0
PQ238591.1	7329	2309	1486	1574	1960	0	0	0	0	0
PQ238592.1	7295	2301	1479	1564	1951	0	0	0	0	0
PQ238593.1	7330	2313	1489	1569	1959	0	0	0	0	0
PQ238594.1	7330	2305	1478	1575	1972	0	0	0	0	0
PQ238595.1	7330	2310	1489	1569	1962	0	0	0	0	0
PQ238596.1	7295	2312	1499	1551	1933	0	0	0	0	0
PQ238597.1	7329	2315	1487	1566	1961	0	0	0	0	0
PQ238598.1	7328	2312	1486	1570	1960	0	0	0	0	0
PQ238599.1	7282	2308	1475	1552	1947	0	0	0	0	0
PQ238600.1	7331	2308	1486	1574	1963	0	0	0	0	0
PQ238601.1	7331	2312	1479	1572	1968	0	0	0	0	0
PQ238602.1	7330	2312	1487	1571	1960	0	0	0	0	0
PQ238603.1	7284	2303	1473	1554	1954	0	0	0	0	0
PQ238604.1	7330	2311	1487	1569	1963	0	0	0	0	0
PQ238605.1	7331	2312	1489	1568	1962	0	0	0	0	0
PQ238606.1	7330	2305	1488	1576	1961	0	0	0	0	0
PQ238607.1	7329	2315	1485	1568	1961	0	0	0	0	0
PQ238608.1	7331	2312	1485	1571	1963	0	0	0	0	0
PQ238609.1	7329	2314	1487	1569	1959	0	0	0	0	0
PQ238610.1	7330	2307	1484	1574	1965	0	0	0	0	0
PQ238611.1	7284	2295	1460	1569	1960	0	0	0	0	0
PQ238612.1	7331	2314	1488	1567	1962	0	0	0	0	0
PQ238613.1	7334	2314	1482	1568	1970	0	0	0	0	0
PQ238614.1	7330	2320	1483	1566	1961	0	0	0	0	0
PQ238615.1	7285	2299	1473	1564	1949	0	0	0	0	0
PQ238616.1	7329	2306	1481	1576	1966	0	0	0	0	0
PQ238617.1	7326	2314	1484	1566	1962	0	0	0	0	0
PQ238618.1	7169	2275	1440	1534	1920	0	0	0	0	0
PQ238619.1	7169	2277	1441	1534	1917	0	0	0	0	0
PQ238620.1	7166	2267	1431	1545	1923	0	0	0	0	0
PQ238621.1	7166	2274	1440	1533	1919	0	0	0	0	0
PQ238622.1	7166	2273	1440	1535	1918	0	0	0	0	0
PQ238623.1	7166	2282	1445	1528	1911	0	0	0	0	0
PQ238624.1	7166	2278	1443	1531	1914	0	0	0	0	0
PQ238625.1	7165	2273	1443	1534	1915	0	0	0	0	0
PQ238626.1	7167	2276	1446	1534	1911	0	0	0	0	0
PQ238627.1	7168	2288	1463	1527	1890	0	0	0	0	0
PQ238628.1	7168	2275	1442	1534	1917	0	0	0	0	0
PQ238629.1	7166	2275	1445	1536	1910	0	0	0	0	0
PQ238630.1	7168	2273	1438	1537	1920	0	0	0	0	0
PQ238631.1	7167	2275	1444	1536	1912	0	0	0	0	0
PQ238632.1	7329	2305	1478	1575	1971	0	0	0	0	0
PQ238633.1	7325	2304	1476	1575	1970	0	0	0	0	0
PQ238634.1	7288	2290	1463	1571	1964	0	0	0	0	0
PQ238635.1	7288	2291	1470	1569	1958	0	0	0	0	0
PQ238636.1	7329	2305	1478	1574	1972	0	0	0	0	0
PQ238637.1	7326	2303	1478	1575	1970	0	0	0	0	0
PQ238638.1	7327	2301	1476	1580	1970	0	0	0	0	0
PQ238639.1	7329	2302	1473	1579	1975	0	0	0	0	0
PQ238640.1	7325	2300	1470	1578	1977	0	0	0	0	0
PQ238641.1	7326	2302	1478	1577	1969	0	0	0	0	0
PQ238642.1	7287	2293	1469	1566	1959	0	0	0	0	0
PQ238643.1	7325	2306	1479	1573	1967	0	0	0	0	0
PQ238644.1	7328	2302	1475	1579	1972	0	0	0	0	0
PQ238645.1	7286	2288	1467	1570	1961	0	0	0	0	0
PQ238646.1	7330	2300	1482	1580	1968	0	0	0	0	0
PQ238647.1	7328	2316	1476	1564	1972	0	0	0	0	0
PQ238648.1	7326	2303	1478	1574	1971	0	0	0	0	0
PQ238649.1	7329	2303	1479	1580	1967	0	0	0	0	0
PQ238650.1	7292	2285	1465	1576	1966	0	0	0	0	0
PQ238651.1	7329	2308	1476	1573	1972	0	0	0	0	0
PQ238652.1	7329	2298	1481	1586	1964	0	0	0	0	0
PQ238653.1	7311	2294	1477	1577	1963	0	0	0	0	0
PQ238654.1	7328	2301	1479	1580	1968	0	0	0	0	0
PQ238655.1	7288	2292	1472	1568	1956	0	0	0	0	0
PQ238656.1	7328	2303	1477	1577	1971	0	0	0	0	0
PQ238657.1	7295	2290	1473	1574	1958	0	0	0	0	0
PQ238658.1	7325	2305	1473	1574	1973	0	0	0	0	0
PQ238659.1	7324	2299	1476	1580	1969	0	0	0	0	0
PQ238660.1	7328	2302	1468	1579	1979	0	0	0	0	0
PQ238661.1	7326	2301	1477	1577	1971	0	0	0	0	0
PQ238662.1	7330	2298	1481	1577	1974	0	0	0	0	0
PQ238663.1	7286	2296	1468	1561	1961	0	0	0	0	0
PQ238664.1	7322	2303	1476	1573	1970	0	0	0	0	0
PQ238665.1	7286	2296	1469	1561	1960	0	0	0	0	0
PQ238666.1	7322	2292	1483	1587	1960	0	0	0	0	0
PQ238667.1	7287	2289	1463	1572	1963	0	0	0	0	0
PQ238668.1	7327	2316	1474	1564	1973	0	0	0	0	0
PQ238669.1	7288	2285	1471	1576	1956	0	0	0	0	0
PQ238670.1	7324	2300	1473	1581	1970	0	0	0	0	0
PQ238671.1	7286	2287	1471	1572	1956	0	0	0	0	0
PQ238672.1	7324	2303	1473	1578	1970	0	0	0	0	0
PQ238673.1	7322	2300	1477	1578	1967	0	0	0	0	0
PQ238674.1	7296	2290	1474	1573	1959	0	0	0	0	0
PQ238675.1	7326	2301	1480	1577	1968	0	0	0	0	0
PQ238676.1	7325	2300	1473	1581	1971	0	0	0	0	0
PQ238677.1	7286	2292	1465	1566	1963	0	0	0	0	0
PQ238678.1	7329	2320	1467	1560	1982	0	0	0	0	0
PQ238679.1	7325	2302	1478	1575	1970	0	0	0	0	0
PQ238680.1	7287	2291	1465	1568	1963	0	0	0	0	0
PQ238681.1	7323	2306	1478	1571	1968	0	0	0	0	0
PQ238682.1	7326	2296	1479	1582	1969	0	0	0	0	0
PQ238683.1	7289	2287	1475	1571	1956	0	0	0	0	0
PQ238684.1	7325	2302	1477	1575	1971	0	0	0	0	0
PQ238685.1	7325	2302	1467	1579	1977	0	0	0	0	0
PQ238686.1	7288	2289	1470	1572	1957	0	0	0	0	0
PQ238687.1	7325	2297	1483	1579	1966	0	0	0	0	0
PQ238688.1	7287	2313	1453	1549	1972	0	0	0	0	0
PQ238689.1	7310	2295	1477	1574	1964	0	0	0	0	0
PQ238690.1	7328	2305	1473	1576	1974	0	0	0	0	0
PQ238691.1	7268	2284	1464	1566	1954	0	0	0	0	0
PQ238692.1	7286	2286	1468	1569	1963	0	0	0	0	0
PQ238693.1	7288	2293	1464	1567	1964	0	0	0	0	0
PQ238694.1	7288	2296	1469	1566	1957	0	0	0	0	0
PQ238695.1	7287	2292	1475	1567	1953	0	0	0	0	0
PQ238696.1	7285	2291	1467	1570	1957	0	0	0	0	0
PQ238697.1	7285	2293	1469	1567	1956	0	0	0	0	0
PQ238698.1	7285	2298	1468	1562	1957	0	0	0	0	0
PQ238699.1	7286	2294	1469	1567	1956	0	0	0	0	0
PQ238700.1	7327	2299	1476	1584	1968	0	0	0	0	0
PQ238701.1	7327	2296	1478	1583	1970	0	0	0	0	0
PQ238702.1	7287	2289	1467	1571	1960	0	0	0	0	0
PQ238703.1	7325	2298	1478	1581	1968	0	0	0	0	0
PQ238704.1	7325	2305	1481	1571	1968	0	0	0	0	0
PQ238705.1	7324	2303	1472	1575	1974	0	0	0	0	0
PQ238706.1	7285	2293	1468	1562	1962	0	0	0	0	0
PQ238707.1	7288	2288	1464	1573	1963	0	0	0	0	0
PQ238708.1	7286	2293	1464	1568	1961	0	0	0	0	0
PQ238709.1	7287	2292	1469	1567	1959	0	0	0	0	0
PQ238710.1	7284	2293	1470	1566	1955	0	0	0	0	0
PQ238711.1	7284	2293	1471	1564	1956	0	0	0	0	0
PQ238712.1	7344	2323	1473	1562	1986	0	0	0	0	0
PQ238713.1	7327	2320	1473	1562	1972	0	0	0	0	0
PQ238714.1	7302	2317	1465	1553	1967	0	0	0	0	0
PQ238715.1	7346	2328	1478	1562	1978	0	0	0	0	0
PQ238716.1	7342	2322	1481	1567	1972	0	0	0	0	0
PQ238717.1	7341	2324	1469	1567	1981	0	0	0	0	0
PQ238718.1	7311	2309	1447	1564	1991	0	0	0	0	0
PQ238719.1	7346	2324	1477	1562	1983	0	0	0	0	0
PQ238720.1	7183	2284	1443	1539	1917	0	0	0	0	0
PQ238721.1	7343	2313	1473	1570	1987	0	0	0	0	0
PQ238722.1	7283	2286	1463	1570	1964	0	0	0	0	0
PQ238723.1	7283	2287	1466	1573	1957	0	0	0	0	0
PQ238724.1	7283	2287	1466	1573	1957	0	0	0	0	0
PQ238725.1	7283	2290	1478	1565	1950	0	0	0	0	0
PQ238726.1	7283	2292	1456	1568	1967	0	0	0	0	0
PQ238727.1	7283	2296	1453	1564	1970	0	0	0	0	0
PQ228195.1	6300	1991	1287	1362	1660	0	0	0	0	0
PP947790.1	7379	2343	1491	1582	1954	9	0	0	0	0
PP947791.1	7098	2224	1442	1526	1893	7	6	0	0	0
PP947792.1	7109	2233	1447	1527	1894	8	0	0	0	0
PP947793.1	7385	2392	1463	1540	1986	4	0	0	0	0
PP947794.1	7049	2211	1436	1513	1882	7	0	0	0	0
PP947795.1	7226	2266	1466	1558	1930	6	0	0	0	0
PP947796.1	7219	2264	1449	1557	1940	9	0	0	0	0
PP947797.1	7064	2216	1425	1516	1899	8	0	0	0	0
PP947798.1	7158	2254	1447	1541	1908	8	0	0	0	0
PP947799.1	7240	2319	1448	1519	1951	3	0	0	0	0
PP947800.1	7113	2295	1418	1485	1911	4	0	0	0	0
PP893080.1	7312	2295	1481	1574	1962	0	0	0	0	0
PP838726.1	7273	2279	1456	1574	1964	0	0	0	0	0
PP838727.1	7311	2293	1466	1578	1974	0	0	0	0	0
PP838728.1	7327	2298	1471	1583	1975	0	0	0	0	0
PP838729.1	7321	2295	1486	1582	1958	0	0	0	0	0
PP838730.1	7326	2293	1485	1586	1961	0	1	0	0	0
PP838731.1	7312	2293	1467	1578	1973	1	0	0	0	0
PP838732.1	7331	2299	1472	1582	1976	1	1	0	0	0
PP838733.1	7321	2295	1468	1581	1976	1	0	0	0	0
PP838734.1	7323	2295	1471	1582	1975	0	0	0	0	0
PP838735.1	7321	2295	1468	1582	1976	0	0	0	0	0
PP838736.1	7298	2294	1463	1573	1968	0	0	0	0	0
PP838737.1	7323	2293	1471	1584	1974	0	1	0	0	0
PP838738.1	7323	2292	1472	1584	1975	0	0	0	0	0
PP838739.1	7323	2291	1471	1584	1977	0	0	0	0	0
LC817373.1	7329	2297	1487	1584	1961	0	0	0	0	0
PP474817.1	7321	2308	1482	1572	1959	0	0	0	0	0
PP474818.1	7286	2298	1473	1564	1951	0	0	0	0	0
PP474819.1	7286	2298	1473	1564	1951	0	0	0	0	0
PP474820.1	7308	2304	1474	1568	1962	0	0	0	0	0
PP474821.1	7311	2302	1475	1572	1962	0	0	0	0	0
PP474822.1	7308	2305	1477	1567	1959	0	0	0	0	0
PP474823.1	7306	2296	1477	1576	1957	0	0	0	0	0
PP474824.1	7324	2305	1481	1573	1965	0	0	0	0	0
PP474825.1	7308	2304	1472	1569	1963	0	0	0	0	0
PP474826.1	7313	2304	1475	1570	1964	0	0	0	0	0
PP474827.1	7308	2305	1474	1566	1963	0	0	0	0	0
PP474828.1	7326	2307	1479	1575	1965	0	0	0	0	0
PP474829.1	7314	2303	1482	1572	1957	0	0	0	0	0
PP474830.1	7315	2303	1479	1571	1962	0	0	0	0	0
PP474831.1	7319	2306	1481	1570	1962	0	0	0	0	0
PP474832.1	7083	2114	1361	1443	1793	372	0	0	0	0
PP474833.1	7310	2305	1475	1567	1963	0	0	0	0	0
PP474834.1	7323	2306	1480	1573	1964	0	0	0	0	0
PP474835.1	7285	2297	1476	1561	1951	0	0	0	0	0
PP474836.1	7310	2302	1473	1572	1963	0	0	0	0	0
PP474837.1	7306	2307	1465	1564	1970	0	0	0	0	0
PP474838.1	7309	2291	1471	1580	1967	0	0	0	0	0
PP474839.1	7324	2298	1475	1582	1969	0	0	0	0	0
PP474840.1	7315	2293	1476	1579	1967	0	0	0	0	0
PP474841.1	7307	2292	1471	1577	1967	0	0	0	0	0
PP474842.1	7307	2295	1471	1574	1967	0	0	0	0	0
PP474843.1	7318	2296	1477	1577	1968	0	0	0	0	0
PP474844.1	7282	2245	1459	1555	1925	98	0	0	0	0
PP474845.1	7321	2291	1483	1584	1963	0	0	0	0	0
PP474846.1	7311	2291	1476	1578	1966	0	0	0	0	0
PP474847.1	7312	2291	1480	1579	1962	0	0	0	0	0
PP474848.1	7307	2291	1480	1577	1959	0	0	0	0	0
PP474849.1	7312	2289	1486	1580	1957	0	0	0	0	0
PP474850.1	7310	2295	1478	1575	1962	0	0	0	0	0
PP474851.1	7330	2297	1487	1585	1961	0	0	0	0	0
PP474852.1	7309	2291	1478	1578	1962	0	0	0	0	0
PP474853.1	7309	2294	1478	1575	1962	0	0	0	0	0
PP474854.1	7325	2298	1484	1581	1962	0	0	0	0	0
PP474855.1	7309	2291	1479	1577	1962	0	0	0	0	0
PP474856.1	7307	2290	1478	1578	1961	0	0	0	0	0
PP474857.1	7312	2293	1480	1579	1960	0	0	0	0	0
PP474858.1	7311	2293	1480	1577	1961	0	0	0	0	0
PP474859.1	7299	2289	1479	1575	1956	0	0	0	0	0
PP474860.1	7305	2296	1477	1573	1959	0	0	0	0	0
PP474861.1	7307	2293	1474	1576	1964	0	0	0	0	0
PP474862.1	7323	2297	1484	1579	1963	0	0	0	0	0
PP474863.1	7304	2297	1475	1570	1962	0	0	0	0	0
PP474864.1	7324	2298	1486	1579	1961	0	0	0	0	0
PP474865.1	7305	2292	1479	1577	1957	0	0	0	0	0
PP474866.1	7318	2293	1482	1581	1962	0	0	0	0	0
PP474867.1	7312	2291	1480	1580	1961	0	0	0	0	0
PP474868.1	7312	2292	1478	1579	1963	0	0	0	0	0
PP474869.1	7319	2293	1484	1579	1963	0	0	0	0	0
PP474870.1	7307	2291	1480	1577	1959	0	0	0	0	0
PP474871.1	7305	2286	1478	1582	1959	0	0	0	0	0
PP474872.1	7315	2293	1483	1578	1961	0	0	0	0	0
PP474873.1	7316	2293	1481	1580	1962	0	0	0	0	0
PP474874.1	7311	2293	1480	1577	1961	0	0	0	0	0
PP474875.1	7326	2300	1482	1578	1966	0	0	0	0	0
PP474876.1	7308	2296	1476	1572	1964	0	0	0	0	0
PP474877.1	7312	2297	1476	1573	1966	0	0	0	0	0
PP474878.1	7314	2299	1476	1573	1966	0	0	0	0	0
PP474879.1	7318	2298	1481	1574	1965	0	0	0	0	0
PP474880.1	7317	2295	1482	1575	1965	0	0	0	0	0
PP474881.1	7300	2292	1475	1572	1961	0	0	0	0	0
PP474882.1	7294	2291	1471	1568	1964	0	0	0	0	0
PP474883.1	7320	2299	1479	1576	1966	0	0	0	0	0
PP474884.1	7307	2295	1474	1573	1965	0	0	0	0	0
PP474885.1	7314	2295	1482	1575	1962	0	0	0	0	0
PP474886.1	7326	2297	1482	1577	1970	0	0	0	0	0
PP474887.1	7322	2295	1491	1577	1959	0	0	0	0	0
PP474888.1	7283	2292	1478	1565	1948	0	0	0	0	0
PP474889.1	7305	2292	1480	1576	1957	0	0	0	0	0
PP474890.1	7323	2301	1485	1578	1959	0	0	0	0	0
PP474891.1	7307	2291	1476	1577	1963	0	0	0	0	0
PP474892.1	7312	2290	1480	1581	1961	0	0	0	0	0
PP474893.1	7307	2294	1478	1574	1961	0	0	0	0	0
PP474894.1	7321	2289	1480	1585	1967	0	0	0	0	0
PP474895.1	7286	2286	1469	1573	1958	0	0	0	0	0
PP474896.1	7307	2295	1475	1575	1962	0	0	0	0	0
PP474897.1	7307	2286	1477	1583	1961	0	0	0	0	0
PP474898.1	7307	2290	1469	1579	1969	0	0	0	0	0
PP474899.1	7319	2294	1484	1580	1961	0	0	0	0	0
PP474900.1	7294	2290	1473	1570	1961	0	0	0	0	0
PP474901.1	7312	2302	1478	1571	1961	0	0	0	0	0
PP474902.1	7305	2293	1480	1574	1958	0	0	0	0	0
PP474903.1	7313	2298	1477	1573	1965	0	0	0	0	0
OR235127.1	7331	2297	1486	1585	1963	0	0	0	0	0
OR235128.1	7331	2299	1485	1585	1962	0	0	0	0	0
OR235129.1	7331	2298	1479	1583	1971	0	0	0	0	0
OR235130.1	7331	2299	1481	1583	1968	0	0	0	0	0
OR235131.1	7331	2300	1479	1582	1970	0	0	0	0	0
PP157595.1	7348	2327	1483	1565	1973	0	0	0	0	0
PP157596.1	7348	2329	1476	1567	1976	0	0	0	0	0
PP025902.1	7141	2298	1435	1497	1911	0	0	0	0	0
OQ139570.1	7248	2296	1457	1544	1951	0	0	0	0	0
OQ139571.1	7247	2293	1456	1545	1953	0	0	0	0	0
OQ139572.1	7248	2295	1463	1546	1944	0	0	0	0	0
OQ139573.1	7242	2293	1452	1545	1952	0	0	0	0	0
OQ139574.1	7261	2325	1452	1522	1962	0	0	0	0	0
PP025331.1	7340	2307	1448	1545	1955	85	0	0	0	0
OR833014.1	7248	2275	1439	1523	1930	77	4	0	0	0
OR833015.1	7328	2329	1464	1557	1978	0	0	0	0	0
OR833023.1	7266	2309	1457	1547	1953	0	0	0	0	0
OR833032.1	7327	2323	1462	1551	1972	0	19	0	0	0
OR833048.1	7201	2244	1407	1490	1894	156	10	0	0	0
OR833055.1	7346	2333	1464	1561	1977	1	10	0	0	0
OR656579.1	7155	2281	1430	1494	1888	62	0	0	0	0
OR571424.1	7167	2255	1456	1542	1914	0	0	0	0	0
OR460083.1	7315	2307	1466	1566	1976	0	0	0	0	0
OR230416.1	7348	2328	1477	1567	1976	0	0	0	0	0
OR230417.1	7348	2335	1470	1560	1983	0	0	0	0	0
OR230418.1	7348	2326	1481	1568	1973	0	0	0	0	0
OR230419.1	7348	2327	1476	1567	1978	0	0	0	0	0
OR230420.1	7348	2325	1479	1568	1976	0	0	0	0	0
OR230421.1	7348	2330	1483	1564	1971	0	0	0	0	0
OR230422.1	7309	2314	1475	1560	1960	0	0	0	0	0
OR230423.1	7348	2330	1473	1565	1980	0	0	0	0	0
OR230424.1	7308	2318	1476	1558	1956	0	0	0	0	0
OR230425.1	7287	2308	1468	1557	1954	0	0	0	0	0
OR230426.1	7348	2326	1476	1567	1979	0	0	0	0	0
OR230427.1	7348	2327	1478	1568	1975	0	0	0	0	0
OR230428.1	7348	2324	1481	1569	1974	0	0	0	0	0
OR230429.1	7307	2317	1476	1558	1956	0	0	0	0	0
OQ653554.1	7268	2291	1481	1561	1935	0	0	0	0	0
OQ791518.1	7341	2326	1470	1559	1986	0	0	0	0	0
OQ791519.1	7332	2318	1519	1554	1939	0	2	0	0	0
OQ737941.1	7196	2291	1469	1538	1898	0	0	0	0	0
OQ553811.1	6919	2070	1302	1383	1716	448	0	0	0	0
OQ451882.1	7310	2308	1498	1568	1936	0	0	0	0	0
OQ259308.1	7202	2286	1460	1538	1918	0	0	0	0	0
OQ259309.1	7204	2290	1463	1533	1918	0	0	0	0	0
OQ259310.1	7219	2295	1467	1536	1921	0	0	0	0	0
OQ259311.1	7195	2279	1454	1541	1921	0	0	0	0	0
OQ259312.1	7202	2281	1465	1543	1913	0	0	0	0	0
OQ259313.1	7207	2269	1462	1552	1924	0	0	0	0	0
OQ259314.1	7198	2276	1452	1543	1927	0	0	0	0	0
OQ259315.1	7207	2276	1455	1545	1931	0	0	0	0	0
OQ259316.1	7203	2275	1456	1548	1924	0	0	0	0	0
OQ259317.1	7207	2266	1464	1556	1921	0	0	0	0	0
OQ259318.1	7214	2292	1464	1531	1927	0	0	0	0	0
OQ259319.1	7201	2278	1450	1542	1931	0	0	0	0	0
OQ259320.1	7206	2276	1448	1545	1937	0	0	0	0	0
OQ285848.1	7177	2286	1456	1527	1908	0	0	0	0	0
OQ285849.1	7226	2287	1456	1540	1943	0	0	0	0	0
OQ285850.1	7213	2271	1455	1551	1936	0	0	0	0	0
OQ285851.1	7196	2273	1452	1545	1926	0	0	0	0	0
OQ285852.1	7202	2276	1449	1542	1935	0	0	0	0	0
OQ285853.1	7206	2278	1453	1542	1933	0	0	0	0	0
OQ285854.1	7212	2283	1451	1544	1934	0	0	0	0	0
OQ160429.1	6525	1258	833	895	1068	2471	0	0	0	0
OQ160430.1	7159	2274	1442	1526	1917	0	0	0	0	0
OQ160431.1	7162	2265	1448	1536	1913	0	0	0	0	0
OQ160432.1	7169	1753	1160	1228	1519	1509	0	0	0	0
OQ160433.1	7167	2211	1395	1483	1882	196	0	0	0	0
OP572035.1	7331	2297	1482	1584	1968	0	0	0	0	0
OP572036.1	7329	2294	1478	1585	1972	0	0	0	0	0
OP572037.1	7296	2289	1473	1575	1959	0	0	0	0	0
OP572038.1	7330	2305	1478	1576	1971	0	0	0	0	0
OP572039.1	7330	2301	1482	1582	1965	0	0	0	0	0
OP572040.1	7329	2303	1482	1578	1966	0	0	0	0	0
OP572041.1	7326	2296	1476	1584	1970	0	0	0	0	0
OP572042.1	7296	2288	1473	1575	1960	0	0	0	0	0
OP572043.1	7328	2294	1486	1586	1962	0	0	0	0	0
OP572044.1	7330	2301	1478	1581	1970	0	0	0	0	0
OP572045.1	7328	2293	1478	1586	1971	0	0	0	0	0
OP572046.1	7330	2296	1481	1584	1969	0	0	0	0	0
OP572047.1	7330	2301	1476	1582	1971	0	0	0	0	0
OP572048.1	7331	2295	1483	1586	1967	0	0	0	0	0
OP572049.1	7329	2306	1483	1575	1965	0	0	0	0	0
OP572050.1	7330	2300	1484	1580	1966	0	0	0	0	0
OP572051.1	7331	2300	1484	1581	1966	0	0	0	0	0
OP572052.1	7331	2299	1483	1581	1968	0	0	0	0	0
OP572054.1	7329	2300	1481	1582	1966	0	0	0	0	0
OP572055.1	7331	2298	1481	1582	1970	0	0	0	0	0
OP572056.1	7327	2299	1481	1580	1967	0	0	0	0	0
OP572057.1	7295	2293	1473	1572	1957	0	0	0	0	0
OP572058.1	7331	2296	1480	1586	1969	0	0	0	0	0
OP572059.1	7328	2298	1484	1579	1967	0	0	0	0	0
OP572061.1	7332	2315	1471	1568	1978	0	0	0	0	0
OP572062.1	7331	2297	1482	1584	1968	0	0	0	0	0
OP572063.1	7328	2299	1479	1582	1968	0	0	0	0	0
OP572064.1	7328	2296	1479	1584	1969	0	0	0	0	0
OP572065.1	7331	2300	1481	1581	1969	0	0	0	0	0
OP572066.1	7331	2298	1481	1583	1969	0	0	0	0	0
OP572067.1	7332	2307	1488	1582	1955	0	0	0	0	0
OP572068.1	7328	2298	1484	1583	1963	0	0	0	0	0
OP572069.1	7328	2308	1485	1575	1960	0	0	0	0	0
OP572071.1	7331	2296	1481	1586	1968	0	0	0	0	0
OP572072.1	7329	2302	1483	1581	1963	0	0	0	0	0
OP572073.1	7329	2301	1482	1581	1965	0	0	0	0	0
OP572074.1	7331	2302	1476	1580	1973	0	0	0	0	0
OP572075.1	7329	2305	1477	1584	1963	0	0	0	0	0
OP572076.1	7327	2298	1475	1583	1971	0	0	0	0	0
OP572077.1	7329	2306	1477	1581	1965	0	0	0	0	0
OP572078.1	7330	2297	1478	1586	1969	0	0	0	0	0
OP572079.1	7328	2308	1487	1577	1956	0	0	0	0	0
OP572080.1	7329	2300	1477	1583	1969	0	0	0	0	0
OP572081.1	7330	2306	1483	1576	1965	0	0	0	0	0
OP572082.1	7329	2299	1480	1585	1965	0	0	0	0	0
OP572083.1	7329	2301	1480	1582	1966	0	0	0	0	0
OP572084.1	7328	2303	1484	1577	1964	0	0	0	0	0
OP572085.1	7330	2302	1481	1579	1968	0	0	0	0	0
OP572086.1	7330	2299	1476	1581	1974	0	0	0	0	0
OP572087.1	7326	2294	1477	1586	1969	0	0	0	0	0
OP572088.1	7329	2298	1477	1584	1970	0	0	0	0	0
OP572089.1	7327	2299	1480	1582	1966	0	0	0	0	0
OP572090.1	7331	2300	1478	1582	1971	0	0	0	0	0
OP572091.1	7297	2291	1470	1576	1960	0	0	0	0	0
OP572092.1	7296	2298	1479	1568	1951	0	0	0	0	0
OP572093.1	7328	2301	1477	1579	1971	0	0	0	0	0
OP572094.1	7329	2299	1477	1583	1970	0	0	0	0	0
OP572095.1	7326	2297	1475	1578	1976	0	0	0	0	0
OP389245.1	7312	2309	1487	1560	1956	0	0	0	0	0
OP389246.1	7324	2316	1469	1562	1977	0	0	0	0	0
OP295397.1	7316	2311	1473	1564	1968	0	0	0	0	0
OP295398.1	7106	2255	1420	1522	1909	0	0	0	0	0
OP295399.1	7108	2266	1419	1513	1910	0	0	0	0	0
OP295400.1	7107	2264	1420	1515	1908	0	0	0	0	0
OP295401.1	7096	2261	1418	1511	1906	0	0	0	0	0
OP295402.1	7106	2264	1419	1514	1909	0	0	0	0	0
OP295403.1	7108	2262	1425	1515	1906	0	0	0	0	0
OP295404.1	7108	2261	1424	1516	1907	0	0	0	0	0
OP295405.1	7108	2257	1416	1517	1918	0	0	0	0	0
OP321139.1	7327	2310	1464	1571	1982	0	0	0	0	0
OP321140.1	7326	2314	1464	1567	1981	0	0	0	0	0
OP321141.1	7326	2302	1474	1575	1975	0	0	0	0	0
OP321142.1	7326	2297	1471	1582	1976	0	0	0	0	0
OP321143.1	7326	2298	1479	1580	1969	0	0	0	0	0
OP321144.1	7326	2303	1477	1576	1970	0	0	0	0	0
OP321145.1	7328	2301	1480	1579	1968	0	0	0	0	0
OP321146.1	7326	2296	1476	1582	1972	0	0	0	0	0
OP321147.1	7326	2302	1474	1576	1974	0	0	0	0	0
OP321148.1	7326	2302	1470	1576	1978	0	0	0	0	0
OP321149.1	7163	2280	1424	1526	1933	0	0	0	0	0
OP321150.1	7326	2296	1480	1582	1968	0	0	0	0	0
OP321151.1	7328	2311	1464	1576	1977	0	0	0	0	0
OP321152.1	7162	2266	1427	1541	1928	0	0	0	0	0
OP321153.1	7328	2300	1479	1581	1968	0	0	0	0	0
OP321154.1	7326	2296	1476	1582	1972	0	0	0	0	0
OP267493.1	7417	2393	1477	1573	1973	1	0	0	0	0
OP267494.1	7230	2281	1460	1549	1940	0	0	0	0	0
OP267495.1	7365	2343	1504	1578	1939	1	0	0	0	0
OP267496.1	7228	2280	1487	1554	1907	0	0	0	0	0
OP267497.1	7383	2362	1503	1576	1942	0	0	0	0	0
OP267498.1	7358	2343	1497	1574	1944	0	0	0	0	0
OP267499.1	7366	2343	1496	1578	1949	0	0	0	0	0
OP267500.1	7384	2361	1477	1573	1973	0	0	0	0	0
OP267501.1	7379	2355	1476	1574	1974	0	0	0	0	0
OP267502.1	7371	2348	1476	1573	1974	0	0	0	0	0
OP267503.1	7417	2393	1478	1574	1972	0	0	0	0	0
OP267504.1	7426	2402	1478	1574	1972	0	0	0	0	0
OP267505.1	7371	2355	1486	1566	1964	0	0	0	0	0
OP267506.1	7398	2376	1478	1572	1972	0	0	0	0	0
OP267507.1	7389	2367	1476	1573	1973	0	0	0	0	0
OP267508.1	7380	2355	1479	1575	1971	0	0	0	0	0
OP267509.1	7410	2392	1477	1569	1972	0	0	0	0	0
OP267510.1	7370	2349	1478	1571	1972	0	0	0	0	0
OP267511.1	7366	2344	1508	1576	1938	0	0	0	0	0
OP267512.1	7349	2333	1473	1567	1976	0	0	0	0	0
OP267513.1	7409	2386	1477	1574	1972	0	0	0	0	0
OP267514.1	7392	2366	1476	1575	1975	0	0	0	0	0
OP267515.1	7403	2383	1507	1576	1937	0	0	0	0	0
OP267516.1	7400	2381	1502	1575	1942	0	0	0	0	0
OP267517.1	7397	2376	1473	1571	1977	0	0	0	0	0
OP267518.1	7414	2390	1479	1575	1970	0	0	0	0	0
OP267519.1	7317	2312	1470	1562	1973	0	0	0	0	0
OP267520.1	7228	2278	1482	1557	1911	0	0	0	0	0
OP267521.1	7362	2338	1502	1581	1941	0	0	0	0	0
OP267522.1	7430	2412	1504	1574	1940	0	0	0	0	0
OP267523.1	7334	2308	1477	1576	1973	0	0	0	0	0
OK085434.1	6570	2120	1289	1400	1760	0	1	0	0	0
OK085435.1	6567	2132	1308	1393	1733	0	1	0	0	0
OK085436.1	6567	2116	1308	1405	1734	0	4	0	0	0
OK085437.1	6567	2119	1305	1405	1738	0	0	0	0	0
OK085438.1	6567	2114	1309	1405	1737	0	2	0	0	0
OK085439.1	6567	2126	1313	1397	1729	0	2	0	0	0
OK085440.1	6567	2122	1315	1393	1721	0	16	0	0	0
OK085441.1	6567	2121	1309	1403	1733	0	1	0	0	0
OK085442.1	6567	2117	1310	1407	1732	0	1	0	0	0
OK085443.1	6567	2116	1308	1407	1735	0	1	0	0	0
OK085444.1	6567	2118	1312	1403	1729	0	5	0	0	0
OK085445.1	6567	2118	1311	1406	1731	0	1	0	0	0
OK085446.1	6567	2124	1306	1399	1735	0	3	0	0	0
OK085447.1	6567	2121	1308	1402	1735	0	1	0	0	0
OK085448.1	6567	2118	1307	1405	1735	0	2	0	0	0
OK085449.1	6567	2116	1309	1407	1733	0	2	0	0	0
OK085450.1	6567	2117	1308	1407	1735	0	0	0	0	0
OK085451.1	6567	2118	1312	1405	1731	0	1	0	0	0
OK085452.1	6567	2115	1309	1409	1734	0	0	0	0	0
OK085453.1	6567	2129	1313	1395	1729	0	1	0	0	0
OK085454.1	6567	2130	1313	1394	1728	0	2	0	0	0
OK085455.1	6567	2127	1312	1397	1730	0	1	0	0	0
OK085456.1	6567	2126	1316	1398	1726	0	1	0	0	0
OK085457.1	6567	2114	1305	1408	1738	0	2	0	0	0
OK085458.1	6567	2116	1307	1406	1737	0	1	0	0	0
OK085459.1	6567	2116	1308	1406	1736	0	1	0	0	0
OK085460.1	6567	2116	1305	1406	1737	0	3	0	0	0
OK085461.1	6567	2116	1307	1405	1738	0	1	0	0	0
OK085462.1	6567	2128	1307	1394	1736	0	2	0	0	0
OK085463.1	6567	2123	1308	1398	1735	0	3	0	0	0
OK085464.1	6567	2127	1306	1395	1738	0	1	0	0	0
OW122595.1	6898	2164	1410	1485	1839	0	0	0	0	0
MW567157.1	7347	2332	1478	1555	1981	0	1	0	0	0
MW567158.1	7347	2329	1485	1558	1975	0	0	0	0	0
MW567159.1	7347	2331	1481	1554	1981	0	0	0	0	0
MW567160.1	7347	2331	1482	1557	1977	0	0	0	0	0
MW567161.1	7347	2327	1479	1563	1978	0	0	0	0	0
MW567162.1	7116	2256	1445	1506	1909	0	0	0	0	0
MZ824221.1	7335	2312	1497	1575	1951	0	0	0	0	0
MZ824222.1	7335	2312	1513	1575	1935	0	0	0	0	0
MZ824223.1	7335	2313	1507	1574	1941	0	0	0	0	0
MZ824224.1	7331	2313	1494	1569	1955	0	0	0	0	0
MW697453.1	7309	2315	1504	1557	1933	0	0	0	0	0
MW697454.1	7258	2288	1473	1556	1941	0	0	0	0	0
MW697455.1	7304	2325	1465	1547	1967	0	0	0	0	0
LC629436.1	7345	2345	1489	1541	1970	0	0	0	0	0
LC629437.1	7326	2311	1481	1562	1972	0	0	0	0	0
LC629438.1	7347	2327	1482	1557	1980	0	1	0	0	0
LC629439.1	7345	2332	1472	1550	1991	0	0	0	0	0
LC629440.1	7331	2332	1468	1541	1986	0	4	0	0	0
LC629441.1	7345	2330	1473	1551	1990	0	1	0	0	0
LC629442.1	7323	2320	1492	1551	1959	0	1	0	0	0
LC629443.1	7326	2320	1497	1551	1958	0	0	0	0	0
LC629444.1	7338	2320	1494	1558	1966	0	0	0	0	0
LC629445.1	7333	2322	1476	1558	1977	0	0	0	0	0
LC629446.1	7332	2324	1470	1557	1974	0	7	0	0	0
LC629447.1	7333	2310	1473	1570	1980	0	0	0	0	0
LC629448.1	7345	2317	1478	1571	1978	0	1	0	0	0
LC629449.1	7345	2317	1482	1572	1974	0	0	0	0	0
LC629450.1	7345	2318	1485	1572	1970	0	0	0	0	0
MW664343.1	7253	2301	1483	1544	1925	0	0	0	0	0
MW664344.1	7253	2304	1483	1540	1926	0	0	0	0	0
MW664345.1	7253	2303	1480	1542	1928	0	0	0	0	0
MW664346.1	7253	2300	1475	1546	1932	0	0	0	0	0
MT789734.1	7333	2320	1512	1560	1941	0	0	0	0	0
MT789735.1	7332	2317	1496	1566	1953	0	0	0	0	0
MT789736.1	7334	2310	1511	1570	1943	0	0	0	0	0
MT789737.1	7333	2320	1510	1562	1941	0	0	0	0	0
MT789738.1	7333	2320	1499	1562	1952	0	0	0	0	0
MT789739.1	7333	2320	1496	1563	1954	0	0	0	0	0
MT789740.1	7332	2325	1498	1557	1952	0	0	0	0	0
MT789741.1	7333	2321	1498	1562	1952	0	0	0	0	0
MT789742.1	7332	2308	1486	1575	1963	0	0	0	0	0
MT789743.1	7333	2322	1499	1562	1950	0	0	0	0	0
MT789744.1	7333	2321	1494	1560	1958	0	0	0	0	0
MT789745.1	7215	2282	1464	1548	1921	0	0	0	0	0
MT789746.1	7333	2322	1489	1565	1957	0	0	0	0	0
MT789747.1	7333	2317	1492	1571	1953	0	0	0	0	0
MT789748.1	7333	2322	1499	1561	1951	0	0	0	0	0
MT789749.1	7348	2317	1468	1569	1994	0	0	0	0	0
MT789750.1	7348	2320	1471	1567	1990	0	0	0	0	0
MT789751.1	7348	2326	1471	1566	1985	0	0	0	0	0
MT789752.1	7302	2308	1466	1557	1971	0	0	0	0	0
MT789753.1	7230	2286	1456	1543	1945	0	0	0	0	0
MT789754.1	7230	2283	1451	1547	1949	0	0	0	0	0
MT789755.1	7230	2287	1458	1549	1936	0	0	0	0	0
MT791927.1	7332	2338	1484	1542	1968	0	0	0	0	0
MT791928.1	7333	2313	1505	1572	1943	0	0	0	0	0
MT791929.1	7333	2317	1496	1569	1951	0	0	0	0	0
MT791930.1	7333	2320	1511	1561	1941	0	0	0	0	0
MT791931.1	7334	2310	1513	1570	1941	0	0	0	0	0
MT791932.1	7333	2317	1501	1565	1950	0	0	0	0	0
MT791933.1	7333	2314	1510	1569	1940	0	0	0	0	0
MT791934.1	7348	2330	1487	1555	1976	0	0	0	0	0
MT081368.1	7332	2308	1494	1572	1958	0	0	0	0	0
MN245396.1	7177	2285	1467	1525	1900	0	0	0	0	0
MN245397.1	7177	2285	1468	1526	1898	0	0	0	0	0
MN245398.1	7193	2289	1446	1530	1928	0	0	0	0	0
MN245399.1	7193	2297	1455	1521	1920	0	0	0	0	0
MN245400.1	7173	2288	1468	1516	1901	0	0	0	0	0
MN245401.1	7177	2275	1457	1535	1910	0	0	0	0	0
MN245402.1	7178	2285	1454	1528	1911	0	0	0	0	0
MN245403.1	7177	2279	1461	1532	1905	0	0	0	0	0
MN245404.1	7181	2287	1469	1525	1900	0	0	0	0	0
MN245405.1	7177	2276	1457	1535	1909	0	0	0	0	0
MN245406.1	7194	2284	1443	1530	1937	0	0	0	0	0
MN245407.1	7194	2292	1444	1527	1931	0	0	0	0	0
MN245408.1	7194	2294	1455	1524	1921	0	0	0	0	0
MN245409.1	7179	2282	1468	1528	1901	0	0	0	0	0
MN245410.1	7179	2280	1456	1533	1910	0	0	0	0	0
MN245411.1	7194	2286	1446	1532	1930	0	0	0	0	0
MN245412.1	7179	2285	1467	1527	1900	0	0	0	0	0
MN245413.1	7194	2288	1453	1529	1924	0	0	0	0	0
MN245414.1	7179	2282	1466	1528	1903	0	0	0	0	0
MN245415.1	7178	2285	1472	1524	1897	0	0	0	0	0
MN245416.1	7179	2283	1454	1533	1909	0	0	0	0	0
MN245417.1	7179	2284	1465	1527	1903	0	0	0	0	0
MN245418.1	7174	2283	1465	1523	1903	0	0	0	0	0
MN245419.1	7179	2286	1460	1528	1905	0	0	0	0	0
MN245420.1	7194	2283	1439	1530	1942	0	0	0	0	0
MN245421.1	7194	2289	1451	1528	1926	0	0	0	0	0
MN245422.1	7194	2283	1441	1529	1941	0	0	0	0	0
MN245423.1	7179	2282	1463	1527	1907	0	0	0	0	0
MN245424.1	7194	2281	1443	1533	1937	0	0	0	0	0
MN245425.1	7179	2284	1463	1526	1906	0	0	0	0	0
MN245426.1	7179	2284	1451	1531	1913	0	0	0	0	0
MN245427.1	7194	2286	1452	1532	1924	0	0	0	0	0
MN245428.1	7179	2283	1452	1532	1912	0	0	0	0	0
MN245429.1	7194	2283	1441	1530	1940	0	0	0	0	0
MN245430.1	7194	2270	1452	1542	1930	0	0	0	0	0
MN245431.1	7180	2289	1455	1525	1911	0	0	0	0	0
MN245432.1	7197	2282	1434	1533	1948	0	0	0	0	0
MN245433.1	7194	2281	1443	1532	1938	0	0	0	0	0
MN245434.1	7194	2291	1442	1529	1932	0	0	0	0	0
MN245435.1	7178	2281	1456	1534	1907	0	0	0	0	0
MN245436.1	7193	2291	1452	1528	1922	0	0	0	0	0
MN245437.1	7191	2282	1450	1533	1926	0	0	0	0	0
MN245438.1	7178	2279	1454	1536	1909	0	0	0	0	0
MN245439.1	7194	2290	1440	1528	1936	0	0	0	0	0
MN245440.1	7189	2291	1449	1522	1927	0	0	0	0	0
MN245441.1	7178	2283	1466	1528	1901	0	0	0	0	0
MN245442.1	7192	2288	1451	1530	1923	0	0	0	0	0
MN245443.1	7178	2281	1456	1533	1908	0	0	0	0	0
MN245444.1	7178	2285	1470	1525	1898	0	0	0	0	0
MN245445.1	7178	1830	1208	1268	1552	1320	0	0	0	0
MN245446.1	7174	2276	1469	1530	1899	0	0	0	0	0
MN245447.1	7178	2287	1464	1523	1904	0	0	0	0	0
MN245448.1	7179	2283	1468	1527	1901	0	0	0	0	0
MN726798.1	7347	2330	1470	1563	1984	0	0	0	0	0
MN726800.1	7331	2316	1495	1566	1954	0	0	0	0	0
MN726801.1	7346	2325	1482	1567	1972	0	0	0	0	0
MK419033.1	7322	2302	1490	1575	1955	0	0	0	0	0
MK419034.1	7288	2304	1472	1559	1953	0	0	0	0	0
MK419035.1	7277	2288	1481	1568	1940	0	0	0	0	0
MK419036.1	7174	2278	1445	1534	1917	0	0	0	0	0
MK419037.1	7137	2261	1450	1525	1901	0	0	0	0	0
MK419038.1	7296	2300	1485	1564	1947	0	0	0	0	0
MK419039.1	7328	2314	1468	1560	1986	0	0	0	0	0
MK419040.1	7229	2279	1467	1555	1928	0	0	0	0	0
MK419041.1	7312	2313	1489	1560	1950	0	0	0	0	0
MK419042.1	7308	2300	1484	1569	1955	0	0	0	0	0
MK419043.1	7305	2308	1486	1560	1951	0	0	0	0	0
MK419044.1	7241	2298	1467	1544	1932	0	0	0	0	0
MK419045.1	7321	2302	1479	1574	1966	0	0	0	0	0
MK419046.1	7282	2294	1476	1563	1949	0	0	0	0	0
MK419047.1	7260	2300	1471	1550	1939	0	0	0	0	0
MK419048.1	7229	2291	1459	1553	1926	0	0	0	0	0
MK419049.1	7323	2299	1492	1577	1955	0	0	0	0	0
MK419050.1	7281	2300	1475	1557	1949	0	0	0	0	0
MK419051.1	7277	2303	1490	1551	1933	0	0	0	0	0
MK419052.1	7287	2296	1471	1564	1956	0	0	0	0	0
MK419053.1	7294	2304	1484	1563	1943	0	0	0	0	0
MK419054.1	7232	2296	1461	1548	1927	0	0	0	0	0
MK419055.1	7304	2303	1482	1568	1951	0	0	0	0	0
MK419056.1	7189	2277	1454	1541	1917	0	0	0	0	0
MK419057.1	7257	2302	1447	1541	1967	0	0	0	0	0
MK419058.1	7308	2303	1486	1567	1952	0	0	0	0	0
MK419059.1	7313	2296	1486	1575	1956	0	0	0	0	0
MK419060.1	7309	2309	1475	1558	1967	0	0	0	0	0
MK419061.1	7319	2320	1486	1561	1952	0	0	0	0	0
MK419062.1	7261	2296	1454	1547	1964	0	0	0	0	0
MK419063.1	7345	2325	1472	1561	1987	0	0	0	0	0
MK419064.1	7311	2303	1489	1569	1950	0	0	0	0	0
MK419065.1	7320	2305	1481	1571	1963	0	0	0	0	0
MK419066.1	7316	2315	1475	1551	1975	0	0	0	0	0
MK419067.1	7289	2298	1487	1563	1941	0	0	0	0	0
MK419068.1	7291	2307	1479	1559	1946	0	0	0	0	0
MK419069.1	7280	2304	1464	1550	1962	0	0	0	0	0
MK419070.1	7290	2298	1477	1568	1947	0	0	0	0	0
MK419071.1	7275	2299	1474	1560	1942	0	0	0	0	0
MK419072.1	7296	2307	1487	1559	1943	0	0	0	0	0
MK419073.1	7329	2320	1498	1563	1948	0	0	0	0	0
MK419074.1	7317	2311	1492	1561	1953	0	0	0	0	0
MK419075.1	7256	2298	1452	1548	1958	0	0	0	0	0
MK419076.1	7253	2302	1471	1545	1935	0	0	0	0	0
MK419077.1	7343	2315	1478	1577	1973	0	0	0	0	0
MK419078.1	7312	2313	1470	1562	1967	0	0	0	0	0
MK419079.1	7286	2303	1464	1551	1968	0	0	0	0	0
MK419080.1	7294	2297	1482	1567	1948	0	0	0	0	0
MN935869.1	7188	1769	1157	1228	1528	1506	0	0	0	0
MN935870.1	7179	2284	1464	1524	1907	0	0	0	0	0
MN365194.1	7329	2314	1502	1568	1945	0	0	0	0	0
MN365195.1	7328	2312	1495	1568	1953	0	0	0	0	0
MN365196.1	7329	2313	1501	1569	1946	0	0	0	0	0
MN365197.1	7322	2314	1502	1564	1942	0	0	0	0	0
MN365198.1	7327	2311	1499	1570	1947	0	0	0	0	0
MN365200.1	7331	2304	1489	1580	1958	0	0	0	0	0
MN389730.1	7333	2305	1493	1575	1960	0	0	0	0	0
MN389731.1	7332	2314	1499	1570	1949	0	0	0	0	0
MN389732.1	7332	2313	1489	1569	1961	0	0	0	0	0
MN389733.1	7332	2307	1484	1577	1964	0	0	0	0	0
MN389734.1	7332	2304	1491	1577	1960	0	0	0	0	0
MN389735.1	7332	2307	1490	1575	1960	0	0	0	0	0
MK614087.1	7294	2311	1504	1555	1924	0	0	0	0	0
MN259107.1	7314	2306	1498	1567	1943	0	0	0	0	0
MN259108.1	7317	2309	1499	1565	1944	0	0	0	0	0
MN259109.1	7321	2308	1508	1569	1936	0	0	0	0	0
MN259110.1	7316	2307	1496	1566	1947	0	0	0	0	0
MN259111.1	7315	2305	1500	1567	1943	0	0	0	0	0
MN259112.1	7320	2308	1498	1568	1946	0	0	0	0	0
MN259113.1	7321	2313	1502	1563	1943	0	0	0	0	0
MN259114.1	7321	2313	1504	1562	1942	0	0	0	0	0
MN259115.1	7321	2305	1501	1570	1945	0	0	0	0	0
MN259116.1	5119	1592	1090	1092	1345	0	0	0	0	0
MN259117.1	7321	2309	1506	1566	1940	0	0	0	0	0
MN259118.1	7319	2311	1501	1563	1944	0	0	0	0	0
MN259119.1	7321	2318	1495	1559	1949	0	0	0	0	0
MN259120.1	7319	2309	1502	1566	1942	0	0	0	0	0
MN240491.1	7341	2327	1470	1557	1987	0	0	0	0	0
MN240492.1	7341	2331	1477	1552	1981	0	0	0	0	0
MN240493.1	7341	2328	1477	1557	1979	0	0	0	0	0
MN240494.1	7341	2319	1479	1564	1979	0	0	0	0	0
MN240495.1	7341	2316	1473	1568	1984	0	0	0	0	0
MN240496.1	7345	2333	1475	1549	1988	0	0	0	0	0
MN240497.1	7333	2337	1473	1542	1981	0	0	0	0	0
MN240498.1	7333	2331	1485	1548	1969	0	0	0	0	0
MN240499.1	7341	2328	1489	1559	1965	0	0	0	0	0
MN240500.1	7333	2323	1480	1554	1976	0	0	0	0	0
MN240501.1	7341	2330	1474	1552	1985	0	0	0	0	0
MN240502.1	7333	2332	1495	1550	1956	0	0	0	0	0
MN240503.1	7341	2326	1471	1558	1986	0	0	0	0	0
MN240504.1	7332	2323	1520	1552	1937	0	0	0	0	0
MN240505.1	7341	2317	1469	1565	1990	0	0	0	0	0
MN240506.1	7341	2313	1482	1569	1977	0	0	0	0	0
MN240507.1	7368	2359	1493	1540	1976	0	0	0	0	0
MN240508.1	7368	2363	1497	1538	1970	0	0	0	0	0
MN240509.1	7333	2331	1491	1550	1961	0	0	0	0	0
MN240510.1	7341	2337	1490	1548	1966	0	0	0	0	0
MN240511.1	7333	2330	1492	1552	1959	0	0	0	0	0
MN240512.1	7341	2333	1480	1550	1978	0	0	0	0	0
MN240513.1	7332	2318	1519	1557	1938	0	0	0	0	0
MN240514.1	7332	2315	1520	1561	1936	0	0	0	0	0
MN240515.1	7341	2325	1474	1560	1982	0	0	0	0	0
MN240516.1	7341	2310	1470	1574	1987	0	0	0	0	0
MN240517.1	7333	2318	1518	1560	1937	0	0	0	0	0
MN240518.1	7341	2317	1470	1566	1988	0	0	0	0	0
MN240519.1	7341	2312	1480	1569	1980	0	0	0	0	0
MN245981.1	7325	2303	1492	1576	1954	0	0	0	0	0
MN245982.1	7324	2311	1491	1568	1954	0	0	0	0	0
MN245983.1	7324	2298	1489	1579	1958	0	0	0	0	0
MN245984.1	5115	1588	1082	1095	1350	0	0	0	0	0
MN245985.1	7325	2304	1483	1576	1962	0	0	0	0	0
MN245986.1	7324	2302	1482	1577	1963	0	0	0	0	0
MN245987.1	7324	2304	1495	1573	1952	0	0	0	0	0
MN245988.1	7332	2319	1495	1565	1953	0	0	0	0	0
MN245989.1	7324	2309	1487	1568	1960	0	0	0	0	0
MN245990.1	7324	2306	1487	1571	1960	0	0	0	0	0
MN245991.1	7324	2307	1485	1569	1963	0	0	0	0	0
MN245992.1	5108	1590	1081	1092	1345	0	0	0	0	0
MN245993.1	7324	2309	1486	1568	1961	0	0	0	0	0
MN245994.1	7324	2301	1491	1574	1958	0	0	0	0	0
MN245995.1	7324	2304	1487	1571	1962	0	0	0	0	0
MN245996.1	7324	2305	1489	1572	1958	0	0	0	0	0
MN245997.1	7324	2303	1484	1574	1963	0	0	0	0	0
MN245998.1	7324	2301	1485	1576	1962	0	0	0	0	0
MN245999.1	7324	2310	1495	1569	1950	0	0	0	0	0
MN246000.1	5089	1576	1081	1091	1341	0	0	0	0	0
MN246001.1	7324	2306	1493	1568	1957	0	0	0	0	0
MN246002.1	7324	2309	1489	1568	1958	0	0	0	0	0
MN246003.1	7324	2309	1489	1568	1958	0	0	0	0	0
MN246004.1	5100	1582	1082	1092	1344	0	0	0	0	0
MN246005.1	7324	2307	1492	1570	1955	0	0	0	0	0
MN246006.1	7324	2310	1489	1569	1956	0	0	0	0	0
MN246007.1	7320	2308	1483	1570	1959	0	0	0	0	0
MN246008.1	7324	2304	1483	1575	1962	0	0	0	0	0
MN246009.1	7324	2304	1482	1575	1963	0	0	0	0	0
MN246010.1	5115	1580	1083	1101	1351	0	0	0	0	0
MN246011.1	7324	2304	1480	1574	1966	0	0	0	0	0
MN246012.1	7324	2306	1488	1572	1958	0	0	0	0	0
MN246013.1	5088	1572	1082	1093	1341	0	0	0	0	0
MN246015.1	7332	2306	1491	1576	1959	0	0	0	0	0
MN246016.1	7324	2305	1490	1572	1957	0	0	0	0	0
MN246017.1	7324	2308	1492	1570	1954	0	0	0	0	0
MN246018.1	7323	2307	1491	1572	1953	0	0	0	0	0
MN246019.1	7324	2306	1492	1573	1953	0	0	0	0	0
MN246020.1	7324	2310	1495	1570	1949	0	0	0	0	0
MN246021.1	7324	2312	1493	1568	1951	0	0	0	0	0
MN246022.1	5126	1595	1089	1097	1345	0	0	0	0	0
MN246023.1	7324	2306	1494	1572	1952	0	0	0	0	0
MN246024.1	7324	2312	1491	1569	1952	0	0	0	0	0
MN246026.1	7324	2303	1489	1574	1958	0	0	0	0	0
MN246027.1	5112	1581	1085	1098	1348	0	0	0	0	0
MN246028.1	5126	1594	1090	1097	1345	0	0	0	0	0
MN246029.1	5113	1582	1083	1098	1350	0	0	0	0	0
MN246031.1	5115	1587	1089	1092	1347	0	0	0	0	0
MN246034.1	5113	1583	1083	1097	1350	0	0	0	0	0
MN246035.1	5115	1584	1087	1094	1350	0	0	0	0	0
MN246037.1	5117	1587	1086	1096	1348	0	0	0	0	0
MN246038.1	5116	1579	1086	1101	1350	0	0	0	0	0
MN246039.1	7324	2297	1488	1581	1958	0	0	0	0	0
MN253123.1	5501	1810	1069	1164	1458	0	0	0	0	0
MK989723.1	7261	2305	1484	1538	1934	0	0	0	0	0
MK989724.1	7251	2310	1476	1527	1938	0	0	0	0	0
MK989725.1	7328	2342	1495	1540	1951	0	0	0	0	0
MK989726.1	7288	2311	1491	1547	1939	0	0	0	0	0
LC495298.1	7334	2320	1512	1567	1935	0	0	0	0	0
LC495299.1	7334	2319	1511	1566	1938	0	0	0	0	0
MN163000.1	7199	2276	1481	1541	1901	0	0	0	0	0
MN173591.1	7244	2294	1482	1546	1922	0	0	0	0	0
MN173594.1	7272	2303	1480	1551	1938	0	0	0	0	0
MH330334.1	7324	2318	1494	1565	1947	0	0	0	0	0
MK681489.1	7342	2336	1487	1559	1960	0	0	0	0	0
MK681490.1	7328	2333	1479	1553	1963	0	0	0	0	0
MK681491.1	7330	2336	1480	1554	1960	0	0	0	0	0
MK681492.1	7337	2332	1493	1557	1955	0	0	0	0	0
MK681493.1	7334	2331	1479	1559	1965	0	0	0	0	0
MK681494.1	7337	2333	1483	1558	1963	0	0	0	0	0
MK681495.1	7337	2336	1483	1556	1962	0	0	0	0	0
MK681496.1	7342	2338	1483	1558	1963	0	0	0	0	0
MK681497.1	7330	2327	1475	1560	1968	0	0	0	0	0
MK681498.1	7321	2336	1477	1549	1959	0	0	0	0	0
MK681499.1	7330	2327	1478	1560	1965	0	0	0	0	0
MK681500.1	7329	2333	1484	1555	1957	0	0	0	0	0
MK681501.1	7328	2330	1483	1556	1959	0	0	0	0	0
MK681502.1	7329	2337	1479	1552	1961	0	0	0	0	0
MK681503.1	7338	2335	1482	1558	1963	0	0	0	0	0
MK681504.1	7338	2329	1497	1560	1952	0	0	0	0	0
MK681505.1	7338	2329	1497	1560	1952	0	0	0	0	0
MK689392.1	6628	2080	1367	1429	1752	0	0	0	0	0
MH341711.1	7329	2333	1492	1551	1953	0	0	0	0	0
MH341712.1	7329	2317	1509	1557	1946	0	0	0	0	0
MH341713.1	7329	2319	1511	1555	1944	0	0	0	0	0
MH341714.1	7329	2306	1503	1570	1950	0	0	0	0	0
MH341715.1	7329	2319	1499	1561	1950	0	0	0	0	0
MH341716.1	7329	2318	1497	1559	1955	0	0	0	0	0
MH341717.1	7329	2312	1504	1565	1948	0	0	0	0	0
MH341718.1	7329	2319	1492	1560	1958	0	0	0	0	0
MH341719.1	7329	2314	1510	1561	1943	0	1	0	0	0
MH341720.1	7329	2312	1498	1564	1955	0	0	0	0	0
MH341721.1	7329	2318	1503	1558	1950	0	0	0	0	0
MH341722.1	7329	2316	1501	1559	1953	0	0	0	0	0
MH341723.1	7329	2316	1499	1561	1953	0	0	0	0	0
MH341724.1	7329	2326	1496	1550	1957	0	0	0	0	0
MH341725.1	7329	2325	1511	1552	1941	0	0	0	0	0
MH341726.1	7345	2328	1482	1555	1980	0	0	0	0	0
MH341727.1	7345	2328	1482	1555	1980	0	0	0	0	0
MH341728.1	7345	2324	1484	1560	1977	0	0	0	0	0
MH341729.1	7345	2329	1480	1555	1981	0	0	0	0	0
MH341730.1	7345	2342	1467	1548	1988	0	0	0	0	0
MH341731.1	7345	2340	1465	1554	1986	0	0	0	0	0
MH341732.1	7345	2335	1466	1557	1987	0	0	0	0	0
MH341733.1	7345	2329	1483	1556	1977	0	0	0	0	0
MH341734.1	7345	2326	1469	1565	1985	0	0	0	0	0
MK659588.1	7331	2312	1496	1571	1952	0	0	0	0	0
MK659589.1	7331	2304	1493	1579	1955	0	0	0	0	0
MK659590.1	7331	2308	1495	1572	1956	0	0	0	0	0
MK659591.1	7331	2320	1488	1564	1959	0	0	0	0	0
MK659592.1	7331	2307	1488	1575	1961	0	0	0	0	0
MK659593.1	7331	2317	1488	1567	1959	0	0	0	0	0
MK659594.1	7331	2316	1493	1566	1956	0	0	0	0	0
MK659595.1	7331	2308	1492	1575	1956	0	0	0	0	0
MK659596.1	7331	2310	1487	1573	1961	0	0	0	0	0
MK659597.1	7331	2313	1488	1569	1961	0	0	0	0	0
MK659598.1	7331	2309	1492	1574	1956	0	0	0	0	0
MK659599.1	7331	2315	1494	1568	1954	0	0	0	0	0
MK659600.1	7331	2306	1495	1575	1955	0	0	0	0	0
MK659601.1	7331	2312	1488	1571	1960	0	0	0	0	0
MK659602.1	7331	2307	1494	1576	1954	0	0	0	0	0
MK659603.1	7331	2314	1493	1568	1956	0	0	0	0	0
MK659604.1	7331	2313	1492	1568	1958	0	0	0	0	0
MH041323.1	7334	2318	1502	1562	1952	0	0	0	0	0
MH041324.1	7334	2319	1501	1562	1952	0	0	0	0	0
MK491180.1	7324	2303	1492	1575	1954	0	0	0	0	0
MK491181.1	7324	2310	1492	1569	1953	0	0	0	0	0
MK491182.1	7324	2299	1489	1577	1959	0	0	0	0	0
MK105976.1	7302	2319	1468	1541	1974	0	0	0	0	0
MK105977.1	7339	2326	1482	1550	1981	0	0	0	0	0
MK105978.1	7304	2316	1469	1549	1970	0	0	0	0	0
MK105979.1	7341	2323	1486	1553	1979	0	0	0	0	0
MK105980.1	7325	2311	1503	1570	1941	0	0	0	0	0
MK105981.1	7326	2309	1495	1571	1951	0	0	0	0	0
MK105982.1	7322	2328	1474	1545	1975	0	0	0	0	0
MK105983.1	7281	2309	1476	1554	1942	0	0	0	0	0
MK105984.1	7326	2312	1490	1575	1949	0	0	0	0	0
MK105985.1	7326	2319	1487	1568	1952	0	0	0	0	0
MK105986.1	7304	2319	1469	1552	1964	0	0	0	0	0
MK105987.1	7341	2312	1471	1571	1987	0	0	0	0	0
MK105988.1	7326	2311	1488	1574	1953	0	0	0	0	0
MK105989.1	7341	2311	1470	1571	1989	0	0	0	0	0
MH708882.1	7311	2316	1486	1560	1949	0	0	0	0	0
MK268345.1	7292	2328	1472	1543	1949	0	0	0	0	0
MH733832.1	7260	2287	1492	1562	1919	0	0	0	0	0
MG739632.1	7065	2253	1430	1510	1872	0	0	0	0	0
MG739633.1	7254	2289	1492	1555	1918	0	0	0	0	0
MG739634.1	7263	2299	1484	1553	1927	0	0	0	0	0
MG739635.1	7289	2306	1492	1558	1933	0	0	0	0	0
MG739636.1	7174	2284	1456	1529	1905	0	0	0	0	0
MG739637.1	7267	2301	1484	1550	1932	0	0	0	0	0
MG739638.1	6794	2131	1408	1453	1802	0	0	0	0	0
MG739639.1	7304	2311	1499	1556	1938	0	0	0	0	0
MG757146.1	7297	2309	1462	1553	1973	0	0	0	0	0
KP455251.1	6564	2126	1297	1393	1748	0	0	0	0	0
KP455252.1	6564	2129	1297	1390	1748	0	0	0	0	0
KP455253.1	6564	2128	1295	1391	1750	0	0	0	0	0
KP455254.1	6564	2130	1296	1389	1749	0	0	0	0	0
KP455255.1	6564	2130	1289	1389	1756	0	0	0	0	0
KP455256.1	6564	2129	1304	1385	1746	0	0	0	0	0
KP455257.1	6564	2127	1301	1390	1746	0	0	0	0	0
KP455258.1	6564	2135	1318	1382	1729	0	0	0	0	0
KP455259.1	6564	2125	1306	1391	1742	0	0	0	0	0
KP455260.1	6564	2142	1304	1377	1741	0	0	0	0	0
KP455261.1	6567	2131	1307	1388	1741	0	0	0	0	0
KP455262.1	6567	2135	1296	1386	1750	0	0	0	0	0
KP455263.1	6567	2149	1300	1376	1742	0	0	0	0	0
KP455264.1	6567	2136	1302	1393	1736	0	0	0	0	0
KP455265.1	6567	2138	1305	1390	1734	0	0	0	0	0
KP455266.1	6567	2142	1300	1385	1740	0	0	0	0	0
KP455267.1	6567	2140	1314	1389	1724	0	0	0	0	0
KP455268.1	6567	2140	1311	1389	1725	0	2	0	0	0
KP455269.1	6567	2142	1311	1388	1726	0	0	0	0	0
KP455270.1	6567	2141	1313	1389	1724	0	0	0	0	0
KP455271.1	6567	2137	1311	1392	1727	0	0	0	0	0
KP455272.1	6567	2141	1302	1389	1734	0	1	0	0	0
KP455273.1	6567	2137	1304	1393	1733	0	0	0	0	0
KP455274.1	6567	2142	1308	1388	1729	0	0	0	0	0
KP455275.1	6567	2142	1301	1388	1736	0	0	0	0	0
KP455276.1	6567	2144	1309	1388	1726	0	0	0	0	0
KP455277.1	6567	2141	1304	1389	1733	0	0	0	0	0
KP455278.1	6567	2146	1302	1380	1739	0	0	0	0	0
KP455279.1	6567	2135	1309	1394	1729	0	0	0	0	0
KP455280.1	6567	2135	1305	1393	1734	0	0	0	0	0
KP455281.1	6567	2139	1321	1379	1728	0	0	0	0	0
KP455282.1	6567	2137	1314	1380	1735	0	1	0	0	0
KP455283.1	6567	2139	1319	1379	1730	0	0	0	0	0
KP455284.1	6567	2139	1320	1377	1731	0	0	0	0	0
KP455285.1	6567	2141	1298	1379	1749	0	0	0	0	0
KP455286.1	6567	2144	1312	1379	1732	0	0	0	0	0
KP455287.1	6567	2138	1314	1385	1730	0	0	0	0	0
KP455288.1	6567	2126	1343	1390	1708	0	0	0	0	0
KP455289.1	6567	2132	1317	1386	1732	0	0	0	0	0
KY042026.1	6567	2127	1319	1398	1723	0	0	0	0	0
KX789222.1	7091	2265	1430	1509	1887	0	0	0	0	0
KX789223.1	7091	2261	1436	1509	1885	0	0	0	0	0
KX789224.1	7091	2263	1439	1510	1879	0	0	0	0	0
KX789226.1	5416	1280	839	873	1101	1323	0	0	0	0
KX789227.1	5425	1446	951	964	1242	822	0	0	0	0
KX789228.1	5727	1816	1200	1207	1504	0	0	0	0	0
KX789229.1	5520	1747	1153	1164	1456	0	0	0	0	0
KX789230.1	5416	1397	919	930	1180	990	0	0	0	0
KX789231.1	5727	1825	1200	1207	1495	0	0	0	0	0
KX789233.1	5416	1609	1033	1023	1310	441	0	0	0	0
KX789234.1	5416	1505	980	965	1228	738	0	0	0	0
KX789241.1	5417	1515	960	967	1231	744	0	0	0	0
KX789243.1	5416	1520	956	965	1231	744	0	0	0	0
KX789244.1	5227	1147	699	731	982	1668	0	0	0	0
KX789245.1	5425	1200	746	781	1030	1668	0	0	0	0
KX789246.1	5431	1512	942	975	1258	744	0	0	0	0
KX789259.2	7341	2312	1487	1568	1974	0	0	0	0	0
KX789260.1	7112	2268	1427	1515	1902	0	0	0	0	0
KX789261.1	6815	2208	1371	1432	1804	0	0	0	0	0
KX789262.1	6825	1905	1165	1236	1595	924	0	0	0	0
KX789263.1	7110	1605	986	1031	1301	2187	0	0	0	0
KX789264.1	6815	2197	1361	1442	1815	0	0	0	0	0
KX789265.1	6815	2192	1367	1443	1813	0	0	0	0	0
KX789266.1	6815	2198	1359	1441	1817	0	0	0	0	0
KX789267.1	6815	2196	1363	1444	1812	0	0	0	0	0
KY348862.1	7317	2324	1476	1545	1972	0	0	0	0	0
MF045413.2	7250	2287	1477	1541	1916	29	0	0	0	0
MF045414.2	7203	2280	1450	1525	1921	27	0	0	0	0
MF045415.2	7256	2275	1475	1557	1922	27	0	0	0	0
MF045416.2	7155	2280	1453	1523	1893	6	0	0	0	0
MF045417.2	7015	2223	1409	1502	1852	28	1	0	0	0
MF045418.2	7173	2282	1460	1515	1892	24	0	0	0	0
MF045419.2	7224	2279	1478	1540	1905	22	0	0	0	0
MF045420.2	6736	2094	1343	1417	1743	136	3	0	0	0
MF045421.2	7273	2317	1477	1533	1946	0	0	0	0	0
MF045422.2	7019	2232	1407	1502	1865	13	0	0	0	0
MF045423.2	6471	1764	1101	1165	1444	997	0	0	0	0
KY767820.1	7333	2329	1487	1559	1958	0	0	0	0	0
KY767821.1	7348	2330	1494	1556	1968	0	0	0	0	0
KY767822.1	7333	2307	1494	1575	1957	0	0	0	0	0
KX384960.1	7201	2300	1475	1514	1912	0	0	0	0	0
KU669039.1	7291	2322	1474	1539	1956	0	0	0	0	0
KU669040.1	7292	2322	1481	1547	1942	0	0	0	0	0
KU669041.2	5074	1590	1080	1068	1336	0	0	0	0	0
KU669042.1	7272	2314	1475	1547	1936	0	0	0	0	0
KU669043.1	7292	2309	1475	1556	1952	0	0	0	0	0
KU669044.1	7292	2319	1479	1547	1947	0	0	0	0	0
KU669045.1	7292	2309	1471	1558	1954	0	0	0	0	0
KU669046.1	7292	2322	1483	1545	1942	0	0	0	0	0
KU669047.1	7292	2324	1476	1545	1947	0	0	0	0	0
KU669048.1	7268	2316	1463	1531	1958	0	0	0	0	0
KY385880.1	7290	2308	1482	1556	1944	0	0	0	0	0
KY385881.1	7332	2316	1497	1568	1951	0	0	0	0	0
KY385882.1	7334	2315	1504	1569	1946	0	0	0	0	0
KY385883.1	7320	2312	1503	1564	1941	0	0	0	0	0
KY385884.1	7325	2309	1502	1569	1945	0	0	0	0	0
KY385885.1	7326	2311	1500	1568	1947	0	0	0	0	0
KY385886.1	7300	2305	1494	1563	1938	0	0	0	0	0
KY385887.1	7332	2312	1499	1572	1949	0	0	0	0	0
KY385888.1	7333	2310	1505	1572	1946	0	0	0	0	0
KY385889.1	7333	2318	1509	1565	1941	0	0	0	0	0
KY385890.1	7332	2313	1506	1571	1942	0	0	0	0	0
KY385891.1	7314	2313	1496	1559	1946	0	0	0	0	0
KY385892.1	7326	2312	1509	1565	1940	0	0	0	0	0
LC107895.1	7279	2299	1471	1556	1953	0	0	0	0	0
LC107896.1	7279	2299	1489	1559	1932	0	0	0	0	0
LC107897.1	7279	2300	1477	1552	1950	0	0	0	0	0
LC107898.1	7196	2283	1463	1541	1909	0	0	0	0	0
LC107899.1	7279	2302	1488	1555	1934	0	0	0	0	0
LC107900.1	7112	2264	1437	1519	1892	0	0	0	0	0
LC107901.1	7110	2264	1437	1519	1890	0	0	0	0	0
LC068708.1	7341	2316	1484	1564	1977	0	0	0	0	0
LC068709.1	7341	2321	1485	1562	1973	0	0	0	0	0
LC068710.1	7341	2319	1485	1563	1974	0	0	0	0	0
LC068711.1	7293	2307	1464	1552	1970	0	0	0	0	0
KY292525.1	7332	2317	1499	1568	1948	0	0	0	0	0
KY292526.1	7332	2310	1496	1573	1953	0	0	0	0	0
KT995530.1	7292	2320	1482	1548	1942	0	0	0	0	0
KT995531.1	7292	2320	1481	1546	1945	0	0	0	0	0
KT995532.1	7292	2323	1480	1545	1944	0	0	0	0	0
KT995533.1	7292	2325	1481	1544	1942	0	0	0	0	0
KT995534.1	7292	2321	1478	1546	1947	0	0	0	0	0
KT995535.1	7292	2319	1476	1549	1948	0	0	0	0	0
KT995536.1	7292	2324	1482	1545	1941	0	0	0	0	0
KT995537.1	7289	2337	1484	1526	1942	0	0	0	0	0
KT995538.1	7292	2315	1475	1550	1952	0	0	0	0	0
KT995539.1	7292	2311	1474	1556	1951	0	0	0	0	0
KT995540.1	7292	2320	1478	1548	1946	0	0	0	0	0
KT995541.1	7292	2316	1478	1553	1945	0	0	0	0	0
KT995542.1	7292	2321	1481	1545	1945	0	0	0	0	0
KT995543.1	7292	2315	1480	1553	1944	0	0	0	0	0
KT995544.1	7292	2311	1480	1554	1947	0	0	0	0	0
KT995545.1	7292	2323	1483	1544	1942	0	0	0	0	0
KT995546.1	7292	2323	1478	1546	1945	0	0	0	0	0
KT995547.1	7292	2311	1476	1554	1951	0	0	0	0	0
KT995548.1	7292	2317	1475	1550	1950	0	0	0	0	0
KT995549.1	7293	2323	1485	1545	1940	0	0	0	0	0
KT995550.1	7292	2320	1477	1549	1946	0	0	0	0	0
KT995551.1	7292	2323	1475	1546	1948	0	0	0	0	0
KT995552.1	7292	2320	1476	1548	1948	0	0	0	0	0
KT995553.1	7292	2324	1481	1544	1943	0	0	0	0	0
KT995554.1	7292	2318	1476	1552	1946	0	0	0	0	0
KT995555.1	7293	2327	1481	1534	1951	0	0	0	0	0
KT995556.1	7292	2318	1482	1551	1941	0	0	0	0	0
KT995557.1	7292	2315	1474	1551	1952	0	0	0	0	0
KT995558.1	7292	2319	1477	1549	1947	0	0	0	0	0
KT995559.1	7292	2323	1476	1546	1947	0	0	0	0	0
KT995560.1	7292	2323	1475	1546	1948	0	0	0	0	0
KT995561.1	7293	2324	1468	1536	1965	0	0	0	0	0
KT995562.1	7292	2318	1485	1549	1940	0	0	0	0	0
KT995563.1	7292	2323	1479	1546	1944	0	0	0	0	0
KT995564.1	7292	2319	1482	1549	1942	0	0	0	0	0
KT995565.1	7290	2312	1478	1556	1944	0	0	0	0	0
KT995566.1	7292	2321	1481	1548	1942	0	0	0	0	0
KT995567.1	7292	2324	1482	1545	1941	0	0	0	0	0
KT995568.1	7292	2319	1479	1550	1944	0	0	0	0	0
KT995569.1	7292	2321	1480	1547	1944	0	0	0	0	0
KT995570.1	7292	2329	1474	1541	1948	0	0	0	0	0
KT995571.1	7292	2322	1477	1547	1946	0	0	0	0	0
KT995572.1	7292	2320	1475	1549	1948	0	0	0	0	0
KT995573.1	7292	2326	1478	1543	1945	0	0	0	0	0
KT995574.1	7292	2312	1474	1555	1951	0	0	0	0	0
KT995575.1	7292	2320	1477	1548	1947	0	0	0	0	0
KT995576.1	7292	2321	1478	1549	1944	0	0	0	0	0
KT995577.1	7292	2323	1477	1545	1947	0	0	0	0	0
KT995578.1	7292	2326	1476	1542	1948	0	0	0	0	0
KT995579.1	7292	2324	1485	1544	1939	0	0	0	0	0
KT995580.1	7292	2324	1474	1544	1950	0	0	0	0	0
KT995581.1	7293	2319	1482	1548	1944	0	0	0	0	0
KT995582.1	7292	2321	1478	1547	1946	0	0	0	0	0
KT995583.1	7292	2322	1486	1547	1937	0	0	0	0	0
KT995584.1	7292	2327	1477	1542	1946	0	0	0	0	0
KT995585.1	7292	2319	1474	1550	1949	0	0	0	0	0
KT995586.1	7254	2307	1469	1542	1935	0	1	0	0	0
KT995587.1	7292	2315	1476	1553	1948	0	0	0	0	0
KT995588.1	7293	2325	1471	1535	1962	0	0	0	0	0
KT995589.1	7292	2319	1475	1548	1950	0	0	0	0	0
KT995590.1	7292	2321	1483	1547	1941	0	0	0	0	0
KT995591.1	7292	2323	1478	1545	1946	0	0	0	0	0
KT995592.1	7292	2321	1475	1549	1947	0	0	0	0	0
KT995593.1	7292	2323	1476	1546	1947	0	0	0	0	0
KT995594.1	7292	2319	1479	1548	1946	0	0	0	0	0
KT995595.1	7292	2321	1480	1548	1943	0	0	0	0	0
KT995596.1	7292	2321	1473	1548	1950	0	0	0	0	0
KT995597.1	7291	2317	1472	1550	1952	0	0	0	0	0
KT995598.1	7292	2317	1485	1550	1940	0	0	0	0	0
KT995599.1	7292	2318	1480	1551	1943	0	0	0	0	0
KT995600.1	7292	2320	1481	1548	1943	0	0	0	0	0
KT995601.1	7293	2324	1468	1537	1964	0	0	0	0	0
KT995602.1	7292	2327	1477	1541	1947	0	0	0	0	0
KT995603.1	7292	2324	1480	1544	1944	0	0	0	0	0
KT995604.1	7292	2317	1481	1550	1944	0	0	0	0	0
KT995605.1	7292	2327	1475	1543	1947	0	0	0	0	0
KT995606.1	7292	2325	1479	1544	1944	0	0	0	0	0
KT995607.1	7292	2320	1478	1550	1944	0	0	0	0	0
KT995608.1	7292	2322	1473	1547	1950	0	0	0	0	0
KT995609.1	7292	2323	1480	1546	1943	0	0	0	0	0
KT995610.1	7292	2323	1473	1549	1947	0	0	0	0	0
KT995611.1	7292	2321	1477	1549	1945	0	0	0	0	0
KT995612.1	7292	2318	1483	1548	1943	0	0	0	0	0
KT995613.1	7292	2324	1471	1545	1952	0	0	0	0	0
KT995614.1	7292	2325	1476	1544	1947	0	0	0	0	0
KT995615.1	7292	2320	1477	1548	1947	0	0	0	0	0
KT995616.1	7292	2321	1478	1548	1945	0	0	0	0	0
KT995617.1	7292	2320	1472	1548	1952	0	0	0	0	0
KT995618.1	7292	2320	1479	1552	1941	0	0	0	0	0
KT995619.1	7292	2323	1477	1546	1946	0	0	0	0	0
KT995620.1	7293	2319	1479	1550	1945	0	0	0	0	0
KT995621.1	7292	2324	1475	1544	1949	0	0	0	0	0
KT995622.1	7292	2325	1478	1546	1943	0	0	0	0	0
KT995623.1	7292	2324	1480	1545	1943	0	0	0	0	0
KT995624.1	7292	2323	1476	1546	1947	0	0	0	0	0
KT995625.1	7292	2322	1479	1547	1944	0	0	0	0	0
KT995626.1	7292	2321	1475	1549	1947	0	0	0	0	0
KT995627.1	7292	2320	1477	1548	1947	0	0	0	0	0
KT995628.1	7292	2315	1469	1549	1959	0	0	0	0	0
KT995629.1	7292	2320	1476	1548	1948	0	0	0	0	0
KX957754.1	7321	2304	1497	1575	1945	0	0	0	0	0
KX957755.1	7304	2310	1499	1556	1939	0	0	0	0	0
KX957756.1	7331	2318	1506	1564	1943	0	0	0	0	0
KX957757.1	7331	2317	1500	1566	1948	0	0	0	0	0
KX957758.1	7332	2316	1502	1568	1946	0	0	0	0	0
KX957759.1	7331	2318	1507	1564	1942	0	0	0	0	0
KX957760.1	7310	2312	1498	1560	1940	0	0	0	0	0
KX957761.1	7321	2311	1503	1566	1941	0	0	0	0	0
KX957762.1	7306	2308	1495	1561	1942	0	0	0	0	0
KT764078.1	7349	2339	1487	1546	1977	0	0	0	0	0
KT711078.1	7333	2314	1492	1568	1959	0	0	0	0	0
KT711079.1	7330	2312	1489	1568	1961	0	0	0	0	0
KT711080.1	7330	2311	1492	1571	1956	0	0	0	0	0
KT711081.1	7330	2316	1490	1565	1959	0	0	0	0	0
KT711082.1	7330	2312	1491	1568	1959	0	0	0	0	0
KT711083.1	7330	2315	1492	1565	1958	0	0	0	0	0
KT711084.1	7330	2317	1491	1563	1959	0	0	0	0	0
KT711085.1	7330	2319	1494	1562	1955	0	0	0	0	0
KT711086.1	7330	2313	1491	1568	1958	0	0	0	0	0
KT711087.1	7330	2316	1485	1563	1966	0	0	0	0	0
KT711088.1	7330	2308	1489	1573	1960	0	0	0	0	0
KX675261.1	7333	2311	1504	1572	1946	0	0	0	0	0
KX675262.1	7319	2310	1490	1568	1951	0	0	0	0	0
KX675263.1	7310	2312	1492	1560	1946	0	0	0	0	0
KT285484.1	7334	2321	1492	1556	1965	0	0	0	0	0
KT285485.1	7333	2312	1494	1569	1958	0	0	0	0	0
KT455421.2	6885	2228	1363	1446	1848	0	0	0	0	0
KT455422.1	6875	2238	1377	1428	1832	0	0	0	0	0
KT455423.1	6880	2223	1370	1451	1835	0	1	0	0	0
KT455424.1	6883	2227	1370	1447	1839	0	0	0	0	0
KT455425.1	6879	2230	1369	1440	1840	0	0	0	0	0
KT455426.1	6883	2224	1366	1449	1844	0	0	0	0	0
KT455427.1	6884	2220	1353	1437	1845	1	28	0	0	0
KT455428.1	6877	2227	1369	1443	1838	0	0	0	0	0
KT455429.1	6879	2239	1374	1428	1838	0	0	0	0	0
KT455430.1	6878	2227	1370	1444	1837	0	0	0	0	0
KX433155.1	7291	1193	753	812	1058	3475	0	0	0	0
KX433156.1	7296	2193	1415	1470	1863	355	0	0	0	0
KX433157.1	7285	1349	852	912	1162	3010	0	0	0	0
KX433158.1	5813	1811	1221	1232	1529	20	0	0	0	0
KX433160.1	7291	1607	1031	1072	1363	2218	0	0	0	0
KX433161.1	7285	2323	1475	1543	1944	0	0	0	0	0
KX433162.1	7284	2153	1387	1460	1844	440	0	0	0	0
KX433163.1	7284	1195	759	810	1047	3473	0	0	0	0
KX433164.1	7285	2317	1481	1539	1948	0	0	0	0	0
KX433165.1	7283	2316	1469	1548	1950	0	0	0	0	0
KX433166.1	7285	2324	1470	1531	1960	0	0	0	0	0
KX433167.1	7283	2322	1475	1542	1944	0	0	0	0	0
KX255352.1	7285	2313	1475	1552	1945	0	0	0	0	0
KX255353.1	7285	2321	1464	1535	1965	0	0	0	0	0
KX255354.1	7285	2317	1478	1548	1942	0	0	0	0	0
KX255355.1	7291	2305	1463	1554	1969	0	0	0	0	0
KX255356.1	7285	2305	1479	1560	1941	0	0	0	0	0
KX255357.1	7285	2325	1476	1531	1953	0	0	0	0	0
KX255358.1	7291	2312	1468	1547	1964	0	0	0	0	0
KX255359.1	7291	2303	1476	1553	1959	0	0	0	0	0
KX255360.1	7291	2305	1468	1551	1967	0	0	0	0	0
KX255361.1	7291	2298	1476	1554	1963	0	0	0	0	0
KX255362.1	7285	2313	1473	1551	1948	0	0	0	0	0
KX255363.1	7291	2316	1463	1542	1970	0	0	0	0	0
KX255364.1	7285	2321	1471	1545	1948	0	0	0	0	0
KX255365.1	7285	2320	1470	1544	1951	0	0	0	0	0
KX255366.1	7283	2309	1508	1545	1921	0	0	0	0	0
KX255367.1	7285	2313	1471	1551	1950	0	0	0	0	0
KX255368.1	7285	2315	1470	1551	1949	0	0	0	0	0
KX255369.1	7291	2308	1466	1551	1966	0	0	0	0	0
KX255370.1	7285	2310	1478	1555	1942	0	0	0	0	0
KX255371.1	7284	2313	1511	1540	1920	0	0	0	0	0
KX255372.1	7285	2325	1482	1531	1947	0	0	0	0	0
KX255373.1	7285	2321	1471	1545	1948	0	0	0	0	0
KX255374.1	7291	2305	1468	1551	1967	0	0	0	0	0
KX255375.1	7285	2314	1480	1549	1942	0	0	0	0	0
KX255376.1	7291	2303	1467	1552	1969	0	0	0	0	0
KX255377.1	7285	2309	1476	1554	1946	0	0	0	0	0
KX255378.1	7285	2315	1476	1550	1944	0	0	0	0	0
KX255379.1	7285	2315	1476	1550	1944	0	0	0	0	0
KX255380.1	7291	2301	1476	1555	1959	0	0	0	0	0
KX255381.1	7291	2311	1468	1547	1965	0	0	0	0	0
KX255382.1	7285	2320	1476	1544	1945	0	0	0	0	0
KX255383.1	7285	2308	1472	1557	1948	0	0	0	0	0
KX255384.1	7285	2313	1470	1553	1949	0	0	0	0	0
KX255385.1	7285	2318	1476	1547	1944	0	0	0	0	0
KX255386.1	7290	2306	1476	1552	1956	0	0	0	0	0
KX255387.1	7285	2317	1469	1549	1950	0	0	0	0	0
KX255388.1	7285	2321	1480	1534	1950	0	0	0	0	0
KX255389.1	7283	2322	1480	1543	1938	0	0	0	0	0
KX255390.1	7285	2313	1473	1551	1948	0	0	0	0	0
KX255391.1	7285	2324	1469	1532	1960	0	0	0	0	0
KX255392.1	7291	2307	1473	1551	1960	0	0	0	0	0
KX255393.1	7285	2326	1489	1531	1939	0	0	0	0	0
KX255394.1	7282	2314	1496	1540	1932	0	0	0	0	0
KX255395.1	7285	2319	1471	1546	1949	0	0	0	0	0
KX255396.1	7291	2303	1476	1553	1959	0	0	0	0	0
KX255397.1	7285	2321	1487	1533	1944	0	0	0	0	0
KX255398.1	7285	2317	1469	1549	1950	0	0	0	0	0
KX255399.1	7285	2310	1476	1556	1943	0	0	0	0	0
KX255400.1	7285	2325	1487	1531	1942	0	0	0	0	0
KX255401.1	7285	2324	1481	1537	1943	0	0	0	0	0
KX255402.1	7284	2311	1515	1544	1914	0	0	0	0	0
KX255403.1	7285	2313	1473	1551	1948	0	0	0	0	0
KX255404.1	7291	2306	1482	1551	1952	0	0	0	0	0
KX255405.1	7285	2326	1470	1529	1960	0	0	0	0	0
KX255406.1	7285	2313	1470	1553	1949	0	0	0	0	0
KX255407.1	7285	2323	1475	1543	1944	0	0	0	0	0
KX255408.1	7284	2309	1514	1542	1919	0	0	0	0	0
KX255409.1	7291	2301	1460	1554	1976	0	0	0	0	0
KX255410.1	7285	2319	1480	1537	1949	0	0	0	0	0
KX255411.1	7285	2313	1477	1552	1943	0	0	0	0	0
KX255412.1	7285	2323	1484	1533	1945	0	0	0	0	0
KX255413.1	7285	2319	1471	1546	1949	0	0	0	0	0
KX255414.1	7285	2307	1475	1556	1947	0	0	0	0	0
KX255415.1	7285	2313	1475	1552	1945	0	0	0	0	0
KX261793.1	7284	2307	1507	1546	1924	0	0	0	0	0
KX261794.1	7284	2309	1514	1544	1917	0	0	0	0	0
KX261795.1	7284	2306	1519	1548	1911	0	0	0	0	0
KX261796.1	7274	2305	1511	1544	1914	0	0	0	0	0
KX261797.1	7284	2305	1506	1548	1925	0	0	0	0	0
KX261798.1	7284	2314	1515	1541	1914	0	0	0	0	0
KX261799.1	7284	2312	1505	1542	1925	0	0	0	0	0
KX261800.1	7284	2309	1511	1544	1920	0	0	0	0	0
KX261801.1	7284	2310	1511	1543	1920	0	0	0	0	0
KX261802.1	7284	2312	1514	1543	1915	0	0	0	0	0
KX261803.1	7284	2310	1518	1544	1912	0	0	0	0	0
KX261804.1	7293	2305	1463	1555	1970	0	0	0	0	0
KX261805.1	7284	2303	1506	1550	1925	0	0	0	0	0
KX261806.1	7284	2311	1505	1542	1926	0	0	0	0	0
KX261807.1	7284	2309	1514	1544	1917	0	0	0	0	0
KX261808.1	7284	2307	1516	1546	1915	0	0	0	0	0
KX261809.1	7284	2309	1511	1544	1920	0	0	0	0	0
KX261810.1	7268	2301	1510	1545	1912	0	0	0	0	0
KX261811.1	7284	2307	1504	1545	1928	0	0	0	0	0
KX261812.1	7284	2306	1514	1547	1917	0	0	0	0	0
KX261813.1	7284	2310	1514	1545	1915	0	0	0	0	0
KX261814.1	7284	2306	1506	1547	1925	0	0	0	0	0
KX261815.1	7284	2312	1515	1543	1914	0	0	0	0	0
KX261816.1	7284	2310	1504	1543	1927	0	0	0	0	0
KX261817.1	7284	2311	1505	1543	1925	0	0	0	0	0
KX261818.1	7284	2309	1514	1544	1917	0	0	0	0	0
KX261819.1	7284	2309	1511	1544	1920	0	0	0	0	0
KX261820.1	7284	2310	1515	1544	1915	0	0	0	0	0
KX261821.1	7284	2309	1504	1544	1927	0	0	0	0	0
KX261822.1	7284	2311	1504	1542	1927	0	0	0	0	0
KX261823.1	7284	2310	1510	1544	1920	0	0	0	0	0
KX261824.1	7293	2303	1458	1554	1978	0	0	0	0	0
KX261825.1	7282	2330	1485	1531	1936	0	0	0	0	0
KX261826.1	7284	2309	1509	1545	1921	0	0	0	0	0
KU982558.1	7293	2304	1487	1561	1941	0	0	0	0	0
KU982559.1	7293	2303	1493	1562	1935	0	0	0	0	0
KU982560.1	7293	2303	1493	1562	1935	0	0	0	0	0
KU982561.1	7293	2310	1484	1556	1943	0	0	0	0	0
KU844178.1	7317	2350	1486	1527	1954	0	0	0	0	0
KU844179.1	7261	2331	1464	1519	1947	0	0	0	0	0
KU844180.1	7333	2321	1491	1564	1957	0	0	0	0	0
KU844181.1	7330	2347	1494	1537	1952	0	0	0	0	0
KT231897.1	7006	2260	1416	1472	1858	0	0	0	0	0
KT231898.1	7292	2331	1488	1533	1940	0	0	0	0	0
KT231899.1	6978	2247	1393	1466	1872	0	0	0	0	0
KT231901.1	7058	2270	1429	1487	1872	0	0	0	0	0
KT231902.1	7292	2327	1492	1533	1940	0	0	0	0	0
KT231903.1	7093	2262	1439	1507	1885	0	0	0	0	0
KT231905.1	7100	2255	1425	1516	1904	0	0	0	0	0
KT231907.1	7101	2257	1428	1513	1903	0	0	0	0	0
KT318494.1	7330	2329	1497	1551	1953	0	0	0	0	0
KU509997.1	7333	2328	1485	1559	1961	0	0	0	0	0
KU242683.1	7326	2337	1482	1539	1968	0	0	0	0	0
KU242684.1	7343	2037	1300	1329	1728	949	0	0	0	0
KT803588.1	7039	2256	1412	1481	1890	0	0	0	0	0
KT803589.1	7024	2244	1422	1490	1868	0	0	0	0	0
KT803590.1	7024	2237	1434	1496	1857	0	0	0	0	0
KT803591.1	7024	2239	1422	1493	1870	0	0	0	0	0
KT803592.1	7024	2233	1424	1498	1869	0	0	0	0	0
KT803593.1	7024	2238	1427	1495	1864	0	0	0	0	0
KT803594.1	7024	2238	1429	1494	1863	0	0	0	0	0
KT803595.1	7024	2235	1424	1499	1866	0	0	0	0	0
KT803596.1	7024	2237	1430	1495	1862	0	0	0	0	0
KT803597.1	7024	2236	1429	1498	1861	0	0	0	0	0
KT803598.1	7024	2239	1417	1491	1877	0	0	0	0	0
KT803599.1	7024	2232	1430	1499	1863	0	0	0	0	0
KT803600.1	7024	2240	1417	1490	1877	0	0	0	0	0
KT835407.1	7292	2321	1477	1548	1946	0	0	0	0	0
KT835408.1	7292	2322	1473	1548	1949	0	0	0	0	0
KT803995.1	7321	2327	1474	1556	1964	0	0	0	0	0
KT825142.1	7321	2327	1486	1553	1955	0	0	0	0	0
KT725431.1	7319	2340	1478	1533	1968	0	0	0	0	0
KT347223.1	7285	2323	1482	1544	1936	0	0	0	0	0
KT347224.1	7285	2325	1474	1541	1945	0	0	0	0	0
KT347225.1	7285	2321	1475	1543	1946	0	0	0	0	0
KT347226.1	7285	2321	1480	1545	1939	0	0	0	0	0
KT347227.1	7285	2323	1480	1542	1940	0	0	0	0	0
KT347228.1	7285	2325	1474	1541	1945	0	0	0	0	0
KT347229.1	7285	2315	1484	1550	1936	0	0	0	0	0
KT347230.1	7285	2318	1476	1546	1945	0	0	0	0	0
KT347231.1	6946	2243	1383	1467	1853	0	0	0	0	0
KT347232.1	7285	2318	1480	1547	1940	0	0	0	0	0
KT347233.1	7285	2308	1476	1555	1946	0	0	0	0	0
KT347234.1	7285	2316	1479	1550	1940	0	0	0	0	0
KT347235.1	7285	2319	1482	1546	1938	0	0	0	0	0
KT347236.1	7285	2321	1471	1544	1949	0	0	0	0	0
KT347237.1	7285	2322	1479	1543	1941	0	0	0	0	0
KT347238.1	7286	2321	1473	1544	1948	0	0	0	0	0
KT347239.1	7285	2320	1473	1547	1945	0	0	0	0	0
KT347240.1	7285	2325	1477	1544	1939	0	0	0	0	0
KT347241.1	7285	2319	1477	1547	1942	0	0	0	0	0
KT347242.1	7285	2319	1480	1546	1940	0	0	0	0	0
KT347243.1	7285	2321	1479	1544	1941	0	0	0	0	0
KT347244.1	7285	2321	1480	1544	1940	0	0	0	0	0
KT347245.1	7285	2319	1475	1548	1943	0	0	0	0	0
KT347246.1	7285	2317	1477	1548	1943	0	0	0	0	0
KT347247.1	7285	2316	1485	1547	1937	0	0	0	0	0
KT347248.1	7285	2323	1476	1543	1943	0	0	0	0	0
KT347249.1	7285	2321	1473	1544	1947	0	0	0	0	0
KT347250.1	7285	2321	1477	1544	1943	0	0	0	0	0
KT347251.1	7285	2320	1472	1546	1947	0	0	0	0	0
KT347252.1	7285	2312	1474	1552	1947	0	0	0	0	0
KT347253.1	7285	2322	1471	1544	1948	0	0	0	0	0
KT347254.1	7285	2321	1480	1543	1941	0	0	0	0	0
KT347255.1	7285	2317	1478	1548	1942	0	0	0	0	0
KT347256.1	7285	2318	1478	1546	1943	0	0	0	0	0
KT347257.1	7285	2318	1479	1547	1941	0	0	0	0	0
KT347258.1	7285	2315	1475	1548	1947	0	0	0	0	0
KT347259.1	7285	2319	1481	1547	1938	0	0	0	0	0
KT347260.1	7285	2314	1467	1550	1954	0	0	0	0	0
KT347261.1	7285	2322	1474	1544	1945	0	0	0	0	0
KT347262.1	7285	2318	1481	1545	1941	0	0	0	0	0
KT347263.1	7285	2321	1470	1545	1949	0	0	0	0	0
KT347264.1	7285	2317	1473	1549	1946	0	0	0	0	0
KT347265.1	7286	2319	1475	1548	1944	0	0	0	0	0
KT347266.1	7285	2319	1482	1546	1938	0	0	0	0	0
KT347267.1	7285	2319	1477	1549	1940	0	0	0	0	0
KT347268.1	7285	2321	1475	1543	1946	0	0	0	0	0
KT347269.1	7285	2317	1472	1550	1946	0	0	0	0	0
KT347270.1	7285	2317	1478	1547	1943	0	0	0	0	0
KT347271.1	7285	2319	1478	1547	1941	0	0	0	0	0
KT347272.1	7285	2320	1479	1545	1941	0	0	0	0	0
KT347273.1	7285	2320	1476	1545	1944	0	0	0	0	0
KT347274.1	7285	2319	1478	1547	1941	0	0	0	0	0
KT347275.1	7285	2314	1472	1551	1948	0	0	0	0	0
KT347276.1	7285	2317	1468	1548	1952	0	0	0	0	0
KT347277.1	7285	2317	1480	1549	1939	0	0	0	0	0
KT347278.1	7285	2313	1476	1550	1946	0	0	0	0	0
KT347279.1	7285	2323	1470	1543	1949	0	0	0	0	0
KT347280.1	7293	2299	1473	1560	1961	0	0	0	0	0
KT266905.1	7332	2327	1488	1559	1958	0	0	0	0	0
KT285319.1	7348	2331	1485	1558	1974	0	0	0	0	0
KT285320.1	7332	2327	1478	1562	1965	0	0	0	0	0
KT306743.1	7347	2331	1488	1558	1970	0	0	0	0	0
KT280496.1	7332	2312	1494	1570	1956	0	0	0	0	0
KT280497.1	7332	2306	1490	1581	1955	0	0	0	0	0
KT280498.1	7332	2308	1494	1573	1957	0	0	0	0	0
KT280499.1	7332	2318	1496	1566	1952	0	0	0	0	0
KT280500.1	7332	2307	1484	1575	1966	0	0	0	0	0
KT280501.1	7348	2343	1476	1546	1983	0	0	0	0	0
KT280502.1	7348	2347	1477	1542	1982	0	0	0	0	0
KT280503.1	7332	2314	1495	1570	1953	0	0	0	0	0
KT280504.1	7332	2305	1487	1578	1962	0	0	0	0	0
KP114662.1	6933	2231	1397	1466	1839	0	0	0	0	0
KP114663.1	6839	2192	1375	1452	1820	0	0	0	0	0
KP114664.1	6902	2203	1400	1470	1829	0	0	0	0	0
KP114665.1	6906	2222	1384	1451	1849	0	0	0	0	0
KP745751.1	7332	2328	1482	1559	1963	0	0	0	0	0
KP745752.1	7288	2320	1468	1547	1953	0	0	0	0	0
KP745753.1	7283	2317	1470	1547	1949	0	0	0	0	0
KP745754.1	7308	2321	1475	1554	1958	0	0	0	0	0
KP745755.1	7332	2326	1489	1560	1957	0	0	0	0	0
KP745756.1	7307	2314	1478	1560	1955	0	0	0	0	0
KP745757.1	7332	2332	1485	1555	1960	0	0	0	0	0
KP745758.1	7255	2315	1460	1536	1944	0	0	0	0	0
KP745759.1	7325	2327	1482	1556	1960	0	0	0	0	0
KP745760.1	7332	2327	1497	1561	1947	0	0	0	0	0
KP745761.1	7325	2324	1485	1559	1957	0	0	0	0	0
KP745762.1	7268	2317	1471	1541	1939	0	0	0	0	0
KP745763.1	7308	2324	1476	1553	1955	0	0	0	0	0
KP745764.1	7333	2329	1484	1558	1962	0	0	0	0	0
KP745765.1	7296	2322	1481	1547	1946	0	0	0	0	0
KP745766.1	7333	2329	1491	1558	1955	0	0	0	0	0
KP745767.1	7321	2316	1478	1565	1962	0	0	0	0	0
KP745768.1	7289	2335	1482	1531	1941	0	0	0	0	0
KP745769.1	7219	2314	1475	1518	1912	0	0	0	0	0
KP745770.1	7308	2320	1479	1556	1953	0	0	0	0	0
KP240936.1	7332	2313	1494	1568	1957	0	0	0	0	0
KP126911.1	7265	2309	1478	1545	1933	0	0	0	0	0
KP100792.1	7024	2243	1425	1483	1873	0	0	0	0	0
KP100793.1	7265	2309	1478	1545	1933	0	0	0	0	0
KP100794.1	7315	2317	1477	1562	1959	0	0	0	0	0
KP100795.1	7287	2317	1475	1551	1944	0	0	0	0	0
KP100796.1	7149	2269	1457	1525	1898	0	0	0	0	0
KM892499.1	6994	2037	1333	1379	1702	543	0	0	0	0
KM892500.1	7341	2333	1479	1551	1978	0	0	0	0	0
KM892501.1	7343	2328	1487	1561	1967	0	0	0	0	0
KM881710.2	7296	2323	1476	1548	1949	0	0	0	0	0
KM851225.1	7331	2333	1479	1556	1963	0	0	0	0	0
KM851226.1	7215	2311	1449	1534	1921	0	0	0	0	0
KM851227.1	7311	2321	1481	1556	1953	0	0	0	0	0
KM851228.1	7292	2323	1474	1549	1946	0	0	0	0	0
KM851229.1	6885	2232	1367	1439	1847	0	0	0	0	0
KM851230.1	6882	2220	1365	1445	1852	0	0	0	0	0
KM851231.1	7348	2331	1468	1550	1999	0	0	0	0	0
KF726085.1	7348	2343	1488	1544	1973	0	0	0	0	0
JX070222.1	7320	2310	1477	1561	1972	0	0	0	0	0
JX101846.1	7341	2319	1474	1562	1986	0	0	0	0	0
AB601882.2	7332	2319	1516	1558	1939	0	0	0	0	0
AB601883.2	7331	2318	1509	1557	1947	0	0	0	0	0
AB601884.1	6764	2179	1366	1426	1793	0	0	0	0	0
AB601885.1	6764	2181	1364	1424	1795	0	0	0	0	0
EF107098.1	7333	2319	1474	1563	1977	0	0	0	0	0
